artist_name,album_release_year,danceability,energy,key,loudness,speechiness,acousticness,instrumentalness,liveness,valence,tempo,duration_ms,explicit,track_name,album_name,key_mode
Taylor Swift,2023,0.646,0.783,7,-2.846,0.0356,0.00444,1.38E-06,0.171,0.49,121.08,231706,FALSE,Mine (Taylor's Version),Speak Now (Taylor's Version),G major
Taylor Swift,2023,0.588,0.758,5,-2.347,0.0305,0.0251,0,0.131,0.387,114.991,261230,FALSE,Sparks Fly (Taylor Version),Speak Now (Taylor's Version),F major
Taylor Swift,2023,0.497,0.635,2,-3.927,0.0273,0.00621,0,0.117,0.203,142.063,294189,FALSE,Back To December (Taylor's Version),Speak Now (Taylor's Version),D major
Taylor Swift,2023,0.727,0.677,7,-2.871,0.0325,0.248,0,0.143,0.639,118.995,242473,FALSE,Speak Now (Taylor's Version),Speak Now (Taylor's Version),G major
Taylor Swift,2023,0.419,0.47,4,-5.016,0.0296,0.0236,0,0.163,0.133,119.294,405906,FALSE,Dear John (Taylor's Version),Speak Now (Taylor's Version),E major
Taylor Swift,2023,0.524,0.692,4,-3.866,0.0369,0.311,0,0.192,0.621,163.874,238693,FALSE,Mean (Taylor's Version),Speak Now (Taylor's Version),E major
Taylor Swift,2023,0.515,0.781,4,-2.608,0.0535,0.00192,0,0.054,0.57,139.846,267653,FALSE,The Story Of Us (Taylor's Version),Speak Now (Taylor's Version),E major
Taylor Swift,2023,0.685,0.323,2,-7.103,0.0289,0.851,0,0.198,0.569,125.058,292920,FALSE,Never Grow Up (Taylor's Version),Speak Now (Taylor's Version),D major
Taylor Swift,2023,0.505,0.532,8,-3.526,0.0265,0.012,0,0.149,0.216,81.907,353253,FALSE,Enchanted (Taylor's Version),Speak Now (Taylor's Version),G# major
Taylor Swift,2023,0.496,0.885,11,-2.969,0.0803,0.000886,0,0.191,0.665,145.863,220306,FALSE,Better Than Revenge (Taylor's Version),Speak Now (Taylor's Version),B minor
Taylor Swift,2023,0.522,0.598,1,-5.327,0.0284,0.101,0,0.152,0.149,133.627,301221,FALSE,Innocent (Taylor's Version),Speak Now (Taylor's Version),C# minor
Taylor Swift,2023,0.427,0.915,5,-1.909,0.0619,0.00667,0,0.221,0.355,162.201,245413,FALSE,Haunted (Taylor's Version),Speak Now (Taylor's Version),F major
Taylor Swift,2023,0.55,0.366,10,-8.46,0.0276,0.447,4.43E-06,0.101,0.16,79.401,369120,FALSE,Last Kiss (Taylor's Version),Speak Now (Taylor's Version),A# major
Taylor Swift,2023,0.375,0.65,0,-4.031,0.0402,0.0122,0,0.189,0.0752,203.89,317960,FALSE,Long Live (Taylor's Version),Speak Now (Taylor's Version),C major
Taylor Swift,2023,0.535,0.488,0,-8.261,0.0278,0.449,0,0.111,0.348,159.813,235803,FALSE,Ours (Taylor's Version),Speak Now (Taylor's Version),C major
Taylor Swift,2023,0.533,0.742,7,-3.473,0.0303,0.0031,0,0.108,0.356,131.93,274945,FALSE,Superman (Taylor's  Version),Speak Now (Taylor's Version),G major
Taylor Swift,2023,0.547,0.855,7,-4.7,0.0597,0.0164,0,0.144,0.282,131.073,266466,FALSE,Electric Touch (feat. Fall Out Boy) (Taylor's Version) (From The Vault),Speak Now (Taylor's Version),G major
Taylor Swift,2023,0.474,0.763,2,-4.632,0.0505,0.159,0,0.138,0.231,78.133,252385,FALSE,When Emma Falls in Love (Taylor's Version) (From The Vault),Speak Now (Taylor's Version),D major
Taylor Swift,2023,0.694,0.764,6,-4.893,0.0337,0.0586,0,0.0608,0.819,123.044,273186,FALSE,I Can See You (Taylor's Version) (From The Vault),Speak Now (Taylor's Version),F# major
Taylor Swift,2023,0.576,0.57,7,-7.925,0.0434,0.362,0,0.0668,0.378,147.803,306062,FALSE,Castles Crumbling (feat. Hayley Williams) (Taylor's Version) (From The Vault),Speak Now (Taylor's Version),G major
Taylor Swift,2023,0.671,0.588,7,-4.675,0.0299,0.617,0,0.111,0.543,96.965,311765,FALSE,Foolish One (Taylor's Version) (From The Vault),Speak Now (Taylor's Version),G major
Taylor Swift,2023,0.624,0.585,3,-5.847,0.0328,0.3,0,0.0916,0.65,142.883,321396,FALSE,Timeless (Taylor's Version) (From The Vault),Speak Now (Taylor's Version),D# major
Taylor Swift,2023,0.735,0.454,7,-10.516,0.0876,0.236,0.00113,0.133,0.0751,97.043,202395,TRUE,Lavender Haze,Midnights (The Til Dawn Edition),G minor
Taylor Swift,2023,0.65,0.397,7,-8.237,0.0365,0.0609,1.40E-06,0.089,0.0382,108.055,218270,TRUE,Maroon,Midnights (The Til Dawn Edition),G major
Taylor Swift,2023,0.637,0.649,4,-6.59,0.0584,0.115,1.22E-06,0.147,0.497,96.935,200690,FALSE,Anti-Hero,Midnights (The Til Dawn Edition),E major
Taylor Swift,2023,0.653,0.331,9,-13.534,0.039,0.705,0.0013,0.116,0.166,110.014,256124,TRUE,Snow On The Beach (feat. Lana Del Rey),Midnights (The Til Dawn Edition),A major
Taylor Swift,2023,0.694,0.386,2,-10.312,0.0597,0.423,1.05E-05,0.126,0.39,120.044,194206,FALSE,"You're On Your Own, Kid",Midnights (The Til Dawn Edition),D major
Taylor Swift,2023,0.654,0.372,0,-11.704,0.0667,0.705,6.78E-05,0.114,0.198,140.15,174782,FALSE,Midnight Rain,Midnights (The Til Dawn Edition),C major
Taylor Swift,2023,0.741,0.509,7,-8.747,0.19,0.205,0,0.262,0.113,108.978,210556,TRUE,Question...?,Midnights (The Til Dawn Edition),G major
Taylor Swift,2023,0.867,0.272,4,-11.014,0.363,0.157,3.42E-05,0.118,0.157,79.962,164801,TRUE,Vigilante Shit,Midnights (The Til Dawn Edition),E minor
Taylor Swift,2023,0.695,0.546,7,-9.184,0.066,0.0648,0.000128,0.0883,0.425,164,194165,FALSE,Bejeweled,Midnights (The Til Dawn Edition),G major
Taylor Swift,2023,0.493,0.308,0,-15.489,0.0436,0.804,0.328,0.123,0.13,109.993,247962,FALSE,Labyrinth,Midnights (The Til Dawn Edition),C major
Taylor Swift,2023,0.647,0.614,8,-7.091,0.0651,0.0782,0,0.611,0.0956,90.034,204852,TRUE,Karma,Midnights (The Til Dawn Edition),G# major
Taylor Swift,2023,0.335,0.166,0,-14.958,0.048,0.967,0.00012,0.115,0.391,175.917,188496,FALSE,Sweet Nothing,Midnights (The Til Dawn Edition),C major
Taylor Swift,2023,0.661,0.345,4,-14.037,0.144,0.545,0.000915,0.0871,0.126,125.977,191039,FALSE,Mastermind,Midnights (The Til Dawn Edition),E major
Taylor Swift,2023,0.573,0.737,5,-9.002,0.0352,0.203,2.78E-05,0.0851,0.592,96.009,240355,FALSE,The Great War,Midnights (The Til Dawn Edition),F major
Taylor Swift,2023,0.48,0.22,6,-12.469,0.0425,0.837,0.00269,0.116,0.0633,82.951,218502,FALSE,Bigger Than The Whole Sky,Midnights (The Til Dawn Edition),F# major
Taylor Swift,2023,0.691,0.498,7,-10.519,0.101,0.116,3.07E-05,0.136,0.454,110.963,196258,FALSE,Paris,Midnights (The Til Dawn Edition),G major
Taylor Swift,2023,0.564,0.545,10,-10.17,0.104,0.726,0,0.0878,0.766,176.082,231475,FALSE,High Infidelity,Midnights (The Til Dawn Edition),A# major
Taylor Swift,2023,0.677,0.451,11,-9.744,0.19,0.318,0,0.11,0.399,140.845,148781,FALSE,Glitch,Midnights (The Til Dawn Edition),B minor
Taylor Swift,2023,0.482,0.837,0,-6.501,0.12,0.435,0.00147,0.123,0.534,157.96,260361,FALSE,"Would've, Could've, Should've",Midnights (The Til Dawn Edition),C major
Taylor Swift,2023,0.475,0.386,0,-12.038,0.0737,0.497,0.00104,0.119,0.162,107.601,225194,FALSE,Dear Reader,Midnights (The Til Dawn Edition),C major
Taylor Swift,2023,0.672,0.782,5,-6.499,0.0421,0.148,4.73E-06,0.296,0.239,106.026,234466,TRUE,Hits Different,Midnights (The Til Dawn Edition),F major
Taylor Swift,2023,0.664,0.401,6,-10.934,0.0344,0.806,3.50E-06,0.108,0.315,109.846,229942,TRUE,Snow On The Beach (feat. More Lana Del Rey),Midnights (The Til Dawn Edition),F# minor
Taylor Swift,2023,0.615,0.616,8,-6.523,0.0622,0.0623,0,0.579,0.0734,89.977,201493,TRUE,Karma (feat. Ice Spice),Midnights (The Til Dawn Edition),G# major
Taylor Swift,2022,0.735,0.444,10,-10.519,0.0684,0.204,0.0012,0.17,0.0984,97.038,202395,TRUE,Lavender Haze,Midnights (3am Edition),A# major
Taylor Swift,2022,0.658,0.378,7,-8.3,0.0379,0.0593,0,0.0976,0.0382,108.034,218270,TRUE,Maroon,Midnights (3am Edition),G major
Taylor Swift,2022,0.638,0.634,4,-6.582,0.0457,0.133,1.23E-06,0.152,0.519,96.953,200690,FALSE,Anti-Hero,Midnights (3am Edition),E major
Taylor Swift,2022,0.659,0.323,9,-13.425,0.0436,0.735,0.00321,0.116,0.154,110.007,256124,TRUE,Snow On The Beach (feat. Lana Del Rey),Midnights (3am Edition),A major
Taylor Swift,2022,0.694,0.38,2,-10.307,0.0614,0.416,8.47E-06,0.126,0.376,120.044,194206,FALSE,"You're On Your Own, Kid",Midnights (3am Edition),D major
Taylor Swift,2022,0.636,0.377,0,-11.721,0.0708,0.71,6.51E-05,0.115,0.23,139.966,174782,FALSE,Midnight Rain,Midnights (3am Edition),C major
Taylor Swift,2022,0.751,0.502,7,-8.777,0.162,0.226,0,0.297,0.112,108.989,210556,TRUE,Question...?,Midnights (3am Edition),G major
Taylor Swift,2022,0.87,0.279,4,-11.134,0.364,0.16,1.74E-05,0.121,0.16,79.996,164801,TRUE,Vigilante Shit,Midnights (3am Edition),E minor
Taylor Swift,2022,0.7,0.55,7,-9.13,0.0653,0.0661,0.000102,0.091,0.412,164.003,194165,FALSE,Bejeweled,Midnights (3am Edition),G major
Taylor Swift,2022,0.487,0.313,0,-15.434,0.0487,0.791,0.348,0.124,0.141,110.039,247962,FALSE,Labyrinth,Midnights (3am Edition),C major
Taylor Swift,2022,0.649,0.622,8,-7.054,0.0582,0.074,0,0.594,0.106,90.024,204852,TRUE,Karma,Midnights (3am Edition),G# major
Taylor Swift,2022,0.334,0.161,0,-14.875,0.0506,0.967,4.71E-05,0.115,0.396,176.747,188496,FALSE,Sweet Nothing,Midnights (3am Edition),C major
Taylor Swift,2022,0.661,0.352,4,-14.077,0.117,0.571,0.00147,0.0884,0.13,125.934,191039,FALSE,Mastermind,Midnights (3am Edition),E major
Taylor Swift,2022,0.573,0.741,5,-8.987,0.0353,0.219,2.23E-05,0.0842,0.554,96.016,240355,FALSE,The Great War,Midnights (3am Edition),F major
Taylor Swift,2022,0.422,0.235,6,-12.379,0.0568,0.826,0.00648,0.115,0.068,165.71,218502,FALSE,Bigger Than The Whole Sky,Midnights (3am Edition),F# major
Taylor Swift,2022,0.7,0.509,7,-10.547,0.0789,0.112,3.27E-05,0.137,0.345,110.947,196258,FALSE,Paris,Midnights (3am Edition),G major
Taylor Swift,2022,0.646,0.529,10,-10.179,0.0864,0.723,0,0.0885,0.755,87.862,231475,FALSE,High Infidelity,Midnights (3am Edition),A# major
Taylor Swift,2022,0.675,0.466,11,-9.738,0.201,0.361,0,0.11,0.347,140.864,148781,FALSE,Glitch,Midnights (3am Edition),B minor
Taylor Swift,2022,0.483,0.84,7,-6.508,0.119,0.43,0.000575,0.146,0.55,157.979,260361,FALSE,"Would've, Could've, Should've",Midnights (3am Edition),G major
Taylor Swift,2022,0.562,0.388,0,-12.088,0.0705,0.481,0.00145,0.117,0.159,107.747,225194,FALSE,Dear Reader,Midnights (3am Edition),C major
Taylor Swift,2022,0.733,0.436,10,-10.489,0.08,0.258,0.000573,0.157,0.0976,96.985,202395,TRUE,Lavender Haze,Midnights,A# major
Taylor Swift,2022,0.637,0.398,7,-8.294,0.0564,0.0573,1.03E-06,0.101,0.0374,108.075,218270,TRUE,Maroon,Midnights,G major
Taylor Swift,2022,0.637,0.643,4,-6.571,0.0519,0.13,1.80E-06,0.142,0.533,97.008,200690,FALSE,Anti-Hero,Midnights,E major
Taylor Swift,2022,0.663,0.319,9,-13.481,0.0375,0.69,0.000993,0.117,0.193,109.957,256124,TRUE,Snow On The Beach (feat. Lana Del Rey),Midnights,A major
Taylor Swift,2022,0.696,0.396,2,-10.289,0.0656,0.401,5.20E-06,0.125,0.38,120.041,194206,FALSE,"You're On Your Own, Kid",Midnights,D major
Taylor Swift,2022,0.643,0.363,0,-11.738,0.0767,0.69,5.17E-05,0.115,0.23,139.865,174782,FALSE,Midnight Rain,Midnights,C major
Taylor Swift,2022,0.751,0.502,7,-8.763,0.167,0.2,0,0.296,0.106,108.943,210556,TRUE,Question...?,Midnights,G major
Taylor Swift,2022,0.798,0.277,4,-11.096,0.39,0.173,5.25E-05,0.121,0.163,79.846,164801,TRUE,Vigilante Shit,Midnights,E minor
Taylor Swift,2022,0.696,0.559,7,-9.19,0.0693,0.0618,5.58E-05,0.0887,0.433,163.999,194165,FALSE,Bejeweled,Midnights,G major
Taylor Swift,2022,0.406,0.306,0,-15.48,0.0517,0.785,0.488,0.122,0.122,110.014,247962,FALSE,Labyrinth,Midnights,C major
Taylor Swift,2022,0.642,0.62,8,-7.091,0.0666,0.0734,0,0.483,0.0969,90.02,204852,TRUE,Karma,Midnights,G# major
Taylor Swift,2022,0.337,0.156,0,-14.919,0.0518,0.964,7.72E-05,0.115,0.39,176.655,188496,FALSE,Sweet Nothing,Midnights,C major
Taylor Swift,2022,0.662,0.357,4,-14.064,0.154,0.553,0.00129,0.0837,0.124,125.966,191039,FALSE,Mastermind,Midnights,E major
Taylor Swift,2021,0.594,0.713,9,-5.314,0.0503,0.000328,0,0.114,0.328,129.958,295413,FALSE,State Of Grace (Taylor's Version),Red (Taylor's Version),A major
Taylor Swift,2021,0.516,0.777,1,-4.908,0.0375,0.00108,1.62E-06,0.0761,0.408,125.047,223093,FALSE,Red (Taylor's Version),Red (Taylor's Version),C# minor
Taylor Swift,2021,0.645,0.593,2,-6.506,0.0288,0.0344,0.000127,0.13,0.299,109.984,242720,FALSE,Treacherous (Taylor's Version),Red (Taylor's Version),D major
Taylor Swift,2021,0.584,0.557,6,-6.371,0.0342,0.0129,0,0.0576,0.767,154.008,219760,FALSE,I Knew You Were Trouble (Taylor's Version),Red (Taylor's Version),F# major
Taylor Swift,2021,0.44,0.528,0,-7.809,0.0317,0.0171,0.00203,0.234,0.132,185.972,329160,FALSE,All Too Well (Taylor's Version),Red (Taylor's Version),C major
Taylor Swift,2021,0.642,0.695,7,-5.62,0.0281,0.000443,1.02E-05,0.0753,0.642,103.984,230960,FALSE,22 (Taylor's Version),Red (Taylor's Version),G major
Taylor Swift,2021,0.511,0.559,4,-6.587,0.0264,0.0167,0,0.113,0.248,145.88,244586,FALSE,I Almost Do (Taylor's Version),Red (Taylor's Version),E major
Taylor Swift,2021,0.567,0.686,7,-6.139,0.175,0.0317,1.86E-06,0.0732,0.716,172.014,193146,FALSE,We Are Never Ever Getting Back Together (Taylor's Version),Red (Taylor's Version),G major
Taylor Swift,2021,0.693,0.681,0,-7.039,0.025,0.0848,0,0.0768,0.663,100.02,205786,FALSE,Stay Stay Stay (Taylor's Version),Red (Taylor's Version),C major
Taylor Swift,2021,0.502,0.534,2,-5.954,0.0278,0.0399,0,0.0977,0.155,94.05,299080,FALSE,The Last Time (feat. Gary Lightbody of Snow Patrol) (Taylor's Version),Red (Taylor's Version),D major
Taylor Swift,2021,0.622,0.809,9,-5.623,0.0638,0.0288,0.00218,0.109,0.511,156.894,202960,FALSE,Holy Ground (Taylor's Version),Red (Taylor's Version),A major
Taylor Swift,2021,0.601,0.406,7,-11.827,0.0275,0.622,9.19E-05,0.133,0.232,130.059,284773,FALSE,Sad Beautiful Tragic (Taylor's Version),Red (Taylor's Version),G major
Taylor Swift,2021,0.686,0.571,4,-7.138,0.05,0.066,0,0.0608,0.538,117.889,240466,FALSE,The Lucky One (Taylor's Version),Red (Taylor's Version),E major
Taylor Swift,2021,0.498,0.61,6,-5.098,0.0363,0.271,0,0.223,0.474,79.918,245426,FALSE,Everything Has Changed (feat. Ed Sheeran) (Taylor's Version),Red (Taylor's Version),F# major
Taylor Swift,2021,0.628,0.685,4,-5.864,0.0358,0.00324,0,0.18,0.605,126.014,220413,FALSE,Starlight (Taylor's Version),Red (Taylor's Version),E major
Taylor Swift,2021,0.519,0.527,7,-7.673,0.0274,0.075,0,0.132,0.267,78.915,238866,FALSE,Begin Again (Taylor's Version),Red (Taylor's Version),G major
Taylor Swift,2021,0.636,0.402,7,-7.855,0.031,0.0494,0,0.107,0.208,125.952,285280,FALSE,The Moment I Knew (Taylor's Version),Red (Taylor's Version),G major
Taylor Swift,2021,0.46,0.632,4,-6.031,0.0302,0.0158,0,0.0822,0.399,79.846,223333,FALSE,Come Back...Be Here (Taylor's Version),Red (Taylor's Version),E major
Taylor Swift,2021,0.691,0.736,5,-6.974,0.0326,0.00955,1.88E-05,0.101,0.612,125.089,220520,FALSE,Girl At Home (Taylor's Version),Red (Taylor's Version),F major
Taylor Swift,2021,0.445,0.131,7,-13.778,0.0564,0.663,1.57E-06,0.108,0.101,208.918,321640,FALSE,State Of Grace (Acoustic Version) (Taylor's Version),Red (Taylor's Version),G major
Taylor Swift,2021,0.623,0.279,0,-10.802,0.031,0.661,0,0.193,0.38,116.04,264253,FALSE,Ronan (Taylor's Version),Red (Taylor's Version),C major
Taylor Swift,2021,0.473,0.579,4,-5.824,0.0384,0.214,0,0.0877,0.255,73.942,297013,FALSE,Better Man (Taylor's Version) (From The Vault),Red (Taylor's Version),E major
Taylor Swift,2021,0.606,0.377,0,-9.455,0.0275,0.817,0,0.154,0.446,101.96,258812,FALSE,Nothing New (feat. Phoebe Bridgers) (Taylor's Version) (From The Vault),Red (Taylor's Version),C major
Taylor Swift,2021,0.584,0.743,4,-7.075,0.0931,0.0538,2.83E-06,0.121,0.746,167.844,224240,FALSE,Babe (Taylor's Version) (From The Vault),Red (Taylor's Version),E major
Taylor Swift,2021,0.622,0.791,7,-6.106,0.0535,0.00188,3.72E-06,0.083,0.494,115.915,225960,FALSE,Message In A Bottle (Taylor's Version) (From The Vault),Red (Taylor's Version),G major
Taylor Swift,2021,0.391,0.715,0,-4.516,0.0495,0.167,0,0.183,0.473,149.654,285106,TRUE,I Bet You Think About Me (feat. Chris Stapleton) (Taylor's Version) (From The Vault),Red (Taylor's Version),C major
Taylor Swift,2021,0.611,0.552,7,-5.828,0.031,0.256,0,0.134,0.41,116.012,263533,FALSE,Forever Winter (Taylor's Version) (From The Vault),Red (Taylor's Version),G major
Taylor Swift,2021,0.61,0.488,3,-6.918,0.0293,0.817,0,0.312,0.443,125.039,240226,FALSE,Run (feat. Ed Sheeran) (Taylor's Version) (From The Vault),Red (Taylor's Version),D# major
Taylor Swift,2021,0.678,0.733,7,-5.025,0.0281,0.00115,0,0.104,0.581,121.009,200280,FALSE,The Very First Night (Taylor's Version) (From The Vault),Red (Taylor's Version),G major
Taylor Swift,2021,0.631,0.518,0,-8.771,0.0303,0.274,0,0.088,0.205,93.023,613026,TRUE,All Too Well (10 Minute Version) (Taylor's Version) (From The Vault),Red (Taylor's Version),C major
Taylor Swift,2021,0.569,0.741,5,-4.963,0.0282,0.0122,0,0.333,0.43,100.118,241591,FALSE,Fearless (Taylor's Version),Fearless (Taylor's Version),F major
Taylor Swift,2021,0.559,0.646,7,-4.61,0.0272,0.116,0,0.32,0.289,95.466,294419,FALSE,Fifteen (Taylor's Version),Fearless (Taylor's Version),G major
Taylor Swift,2021,0.627,0.792,2,-4.311,0.031,0.13,3.97E-06,0.0845,0.415,119.054,235766,FALSE,Love Story (Taylor's Version),Fearless (Taylor's Version),D major
Taylor Swift,2021,0.788,0.571,6,-6.135,0.0296,0.106,0,0.0934,0.797,115.99,254254,FALSE,Hey Stephen (Taylor's Version),Fearless (Taylor's Version),F# major
Taylor Swift,2021,0.423,0.517,0,-7.377,0.0486,0.369,0,0.177,0.366,185.262,234515,FALSE,White Horse (Taylor's Version),Fearless (Taylor's Version),C major
Taylor Swift,2021,0.632,0.773,6,-4.856,0.0346,0.0623,0,0.0885,0.474,130.033,231124,FALSE,You Belong With Me (Taylor's Version),Fearless (Taylor's Version),F# major
Taylor Swift,2021,0.506,0.626,1,-6.066,0.0287,0.156,0,0.228,0.321,148.035,263377,FALSE,Breathe (feat. Colbie Caillat) (Taylor's Version),Fearless (Taylor's Version),C# major
Taylor Swift,2021,0.578,0.909,7,-3.669,0.0628,0.0222,0,0.333,0.541,100.023,200575,FALSE,Tell Me Why (Taylor's Version),Fearless (Taylor's Version),G major
Taylor Swift,2021,0.506,0.444,6,-4.99,0.0285,0.0538,0,0.123,0.241,133.873,261842,FALSE,You're Not Sorry (Taylor's Version),Fearless (Taylor's Version),F# major
Taylor Swift,2021,0.402,0.732,5,-4.665,0.0484,0.0033,0,0.108,0.472,161.032,243136,FALSE,The Way I Loved You (Taylor's Version),Fearless (Taylor's Version),F major
Taylor Swift,2021,0.598,0.821,10,-4.433,0.0447,0.0231,0,0.143,0.673,128.03,225328,FALSE,Forever & Always (Taylor's Version),Fearless (Taylor's Version),A# major
Taylor Swift,2021,0.642,0.576,1,-8.524,0.0282,0.488,0,0.159,0.469,125,245290,FALSE,The Best Day (Taylor's Version),Fearless (Taylor's Version),C# major
Taylor Swift,2021,0.499,0.815,5,-4.063,0.0341,0.000191,0,0.181,0.344,95.999,279359,FALSE,Change (Taylor's Version),Fearless (Taylor's Version),F major
Taylor Swift,2021,0.572,0.69,2,-6.201,0.0358,0.0474,0,0.0897,0.624,160.111,237580,FALSE,Jump Then Fall (Taylor's Version),Fearless (Taylor's Version),D major
Taylor Swift,2021,0.393,0.531,5,-6.112,0.0329,0.0181,0,0.169,0.224,200.391,312107,FALSE,Untouchable (Taylor's Version),Fearless (Taylor's Version),F major
Taylor Swift,2021,0.546,0.273,9,-9.208,0.0308,0.819,0,0.137,0.271,118.753,267833,FALSE,Forever & Always (Piano Version) (Taylor's Version),Fearless (Taylor's Version),A major
Taylor Swift,2021,0.476,0.564,2,-5.677,0.0269,0.0406,0,0.102,0.167,143.929,237338,FALSE,Come In With The Rain (Taylor's Version),Fearless (Taylor's Version),D major
Taylor Swift,2021,0.454,0.555,2,-6.69,0.0283,0.157,0,0.343,0.171,171.862,263865,FALSE,Superstar (Taylor's Version),Fearless (Taylor's Version),D major
Taylor Swift,2021,0.432,0.873,4,-4.367,0.0577,0.0279,0,0.167,0.629,163.936,238443,FALSE,The Other Side Of The Door (Taylor's Version),Fearless (Taylor's Version),E major
Taylor Swift,2021,0.482,0.779,7,-5.025,0.0409,0.0135,0,0.296,0.328,158.162,241822,FALSE,Today Was A Fairytale (Taylor's Version),Fearless (Taylor's Version),G major
Taylor Swift,2021,0.599,0.494,2,-7.61,0.0372,0.816,0,0.101,0.44,142.893,220839,FALSE,You All Over Me (feat. Maren Morris) (Taylor's Version) (From The Vault),Fearless (Taylor's Version),D major
Taylor Swift,2021,0.66,0.817,11,-6.269,0.0521,0.162,0,0.0667,0.714,135.942,277591,FALSE,Mr. Perfectly Fine (Taylor's Version) (From The Vault),Fearless (Taylor's Version),B minor
Taylor Swift,2021,0.609,0.373,0,-8.819,0.0263,0.849,0,0.0779,0.13,106.007,244236,FALSE,We Were Happy (Taylor's Version) (From The Vault),Fearless (Taylor's Version),C major
Taylor Swift,2021,0.588,0.608,5,-7.062,0.0365,0.225,0,0.092,0.508,90.201,189495,FALSE,That's When (feat. Keith Urban) (Taylor's Version) (From The Vault),Fearless (Taylor's Version),F major
Taylor Swift,2021,0.563,0.473,3,-11.548,0.0503,0.514,1.20E-05,0.109,0.405,101.934,208608,FALSE,Don't You (Taylor's Version) (From The Vault),Fearless (Taylor's Version),D# major
Taylor Swift,2021,0.624,0.624,5,-7.86,0.0539,0.334,0,0.0995,0.527,80.132,242157,FALSE,Bye Bye Baby (Taylor's Version) (From The Vault),Fearless (Taylor's Version),F major
Taylor Swift,2021,0.392,0.574,7,-9.195,0.17,0.833,0.00179,0.145,0.529,81.112,214706,FALSE,willow,evermore (deluxe version),G major
Taylor Swift,2021,0.462,0.24,0,-12.077,0.0377,0.92,0,0.113,0.32,171.319,244000,TRUE,champagne problems,evermore (deluxe version),C major
Taylor Swift,2021,0.512,0.462,9,-10.491,0.0408,0.83,0.166,0.121,0.353,112.05,185320,TRUE,gold rush,evermore (deluxe version),A major
Taylor Swift,2021,0.575,0.434,5,-8.193,0.0312,0.735,6.59E-05,0.105,0.348,145.916,229840,FALSE,_is the damn season,evermore (deluxe version),F major
Taylor Swift,2021,0.316,0.361,9,-10.381,0.0488,0.878,2.67E-05,0.0797,0.221,74.952,245440,TRUE,tolerate it,evermore (deluxe version),A major
Taylor Swift,2021,0.546,0.613,7,-7.589,0.0264,0.418,0,0.103,0.535,79.015,215626,FALSE,"no body, no crime (feat. HAIM)",evermore (deluxe version),G minor
Taylor Swift,2021,0.559,0.334,11,-10.733,0.0376,0.87,0,0.114,0.211,122.079,315146,TRUE,happiness,evermore (deluxe version),B major
Taylor Swift,2021,0.605,0.488,4,-8.322,0.0264,0.696,0,0.129,0.354,119.966,225880,FALSE,dorothea,evermore (deluxe version),E major
Taylor Swift,2021,0.537,0.537,8,-11.266,0.0617,0.819,0.000904,0.142,0.292,107.895,275320,FALSE,coney island (feat. The National),evermore (deluxe version),G# major
Taylor Swift,2021,0.515,0.545,2,-9.277,0.0353,0.855,1.97E-05,0.0921,0.535,88.856,260440,TRUE,ivy,evermore (deluxe version),D major
Taylor Swift,2021,0.604,0.517,0,-9.014,0.0347,0.768,0.000155,0.123,0.511,127.967,275040,TRUE,cowboy like me,evermore (deluxe version),C major
Taylor Swift,2021,0.546,0.73,0,-7.704,0.0417,0.66,0.179,0.0972,0.573,157.895,215920,FALSE,long story short,evermore (deluxe version),C major
Taylor Swift,2021,0.535,0.561,5,-11.609,0.0484,0.876,0.000136,0.115,0.287,96.103,257773,FALSE,marjorie,evermore (deluxe version),F major
Taylor Swift,2021,0.689,0.704,9,-10.813,0.245,0.835,4.83E-06,0.134,0.92,151.884,180653,FALSE,closure,evermore (deluxe version),A major
Taylor Swift,2021,0.39,0.27,1,-10.673,0.0308,0.937,0.00227,0.111,0.32,125.177,304106,FALSE,evermore (feat. Bon Iver),evermore (deluxe version),C# major
Taylor Swift,2021,0.581,0.619,10,-6.524,0.0282,0.769,0.000106,0.117,0.645,137.915,245026,FALSE,right where you left me - bonus track,evermore (deluxe version),A# major
Taylor Swift,2021,0.592,0.41,0,-12.426,0.0397,0.801,1.39E-05,0.09,0.416,151.923,254640,FALSE,it_time to go - bonus track,evermore (deluxe version),C major
Taylor Swift,2020,0.392,0.574,7,-9.195,0.17,0.833,0.00179,0.145,0.529,81.112,214706,FALSE,willow,evermore,G major
Taylor Swift,2020,0.462,0.24,0,-12.077,0.0377,0.92,0,0.113,0.32,171.319,244000,TRUE,champagne problems,evermore,C major
Taylor Swift,2020,0.512,0.462,9,-10.491,0.0408,0.83,0.166,0.121,0.353,112.05,185320,TRUE,gold rush,evermore,A major
Taylor Swift,2020,0.575,0.434,5,-8.193,0.0312,0.735,6.59E-05,0.105,0.348,145.916,229840,FALSE,_is the damn season,evermore,F major
Taylor Swift,2020,0.316,0.361,9,-10.381,0.0488,0.878,2.67E-05,0.0797,0.221,74.952,245440,TRUE,tolerate it,evermore,A major
Taylor Swift,2020,0.546,0.613,7,-7.589,0.0264,0.418,0,0.103,0.535,79.015,215626,FALSE,"no body, no crime (feat. HAIM)",evermore,G minor
Taylor Swift,2020,0.559,0.334,11,-10.733,0.0376,0.87,0,0.114,0.211,122.079,315146,TRUE,happiness,evermore,B major
Taylor Swift,2020,0.605,0.488,4,-8.322,0.0264,0.696,0,0.129,0.354,119.966,225880,FALSE,dorothea,evermore,E major
Taylor Swift,2020,0.537,0.537,8,-11.266,0.0617,0.819,0.000904,0.142,0.292,107.895,275320,FALSE,coney island (feat. The National),evermore,G# major
Taylor Swift,2020,0.515,0.545,2,-9.277,0.0353,0.855,1.97E-05,0.0921,0.535,88.856,260440,TRUE,ivy,evermore,D major
Taylor Swift,2020,0.604,0.517,0,-9.014,0.0347,0.768,0.000155,0.123,0.511,127.967,275040,TRUE,cowboy like me,evermore,C major
Taylor Swift,2020,0.546,0.73,0,-7.704,0.0417,0.66,0.179,0.0972,0.573,157.895,215920,FALSE,long story short,evermore,C major
Taylor Swift,2020,0.535,0.561,5,-11.609,0.0484,0.876,0.000136,0.115,0.287,96.103,257773,FALSE,marjorie,evermore,F major
Taylor Swift,2020,0.689,0.704,9,-10.813,0.245,0.835,4.83E-06,0.134,0.92,151.884,180653,FALSE,closure,evermore,A major
Taylor Swift,2020,0.39,0.27,1,-10.673,0.0308,0.937,0.00227,0.111,0.32,125.177,304106,FALSE,evermore (feat. Bon Iver),evermore,C# major
Taylor Swift,2020,0.78,0.361,0,-6.942,0.048,0.75,7.14E-06,0.108,0.163,139.902,210240,TRUE,the 1,folklore: the long pond studio sessions (from the Disney+ special) [deluxe edition],C major
Taylor Swift,2020,0.612,0.58,0,-8.572,0.0419,0.525,0.000414,0.26,0.534,130.045,239560,FALSE,cardigan,folklore: the long pond studio sessions (from the Disney+ special) [deluxe edition],C minor
Taylor Swift,2020,0.688,0.653,7,-8.558,0.0403,0.481,0.00414,0.106,0.701,147.991,231000,TRUE,the last great american dynasty,folklore: the long pond studio sessions (from the Disney+ special) [deluxe edition],G major
Taylor Swift,2020,0.31,0.374,6,-8.464,0.0275,0.761,2.46E-05,0.11,0.16,75.938,285640,FALSE,exile (feat. Bon Iver),folklore: the long pond studio sessions (from the Disney+ special) [deluxe edition],F# major
Taylor Swift,2020,0.456,0.265,0,-10.663,0.0328,0.814,0,0.0679,0.112,129.947,255893,FALSE,my tears ricochet,folklore: the long pond studio sessions (from the Disney+ special) [deluxe edition],C major
Taylor Swift,2020,0.549,0.417,7,-10.064,0.035,0.686,1.90E-06,0.0604,0.347,110.137,208973,FALSE,mirrorball,folklore: the long pond studio sessions (from the Disney+ special) [deluxe edition],G major
Taylor Swift,2020,0.602,0.494,4,-10.813,0.0277,0.888,2.59E-05,0.0902,0.374,94.955,208906,FALSE,seven,folklore: the long pond studio sessions (from the Disney+ special) [deluxe edition],E major
Taylor Swift,2020,0.387,0.634,5,-9.222,0.0363,0.553,6.93E-05,0.0931,0.42,89.567,261920,FALSE,august,folklore: the long pond studio sessions (from the Disney+ special) [deluxe edition],F major
Taylor Swift,2020,0.511,0.478,9,-9.837,0.0322,0.312,2.30E-05,0.147,0.408,135.882,195106,FALSE,this is me trying,folklore: the long pond studio sessions (from the Disney+ special) [deluxe edition],A major
Taylor Swift,2020,0.529,0.304,10,-10.567,0.0356,0.862,0,0.108,0.44,119.58,190893,FALSE,illicit affairs,folklore: the long pond studio sessions (from the Disney+ special) [deluxe edition],A# major
Taylor Swift,2020,0.651,0.459,4,-11.128,0.0507,0.859,6.63E-05,0.105,0.454,83.455,252880,FALSE,invisible string,folklore: the long pond studio sessions (from the Disney+ special) [deluxe edition],E minor
Taylor Swift,2020,0.593,0.7,3,-9.016,0.0492,0.67,6.77E-06,0.116,0.451,141.898,237266,TRUE,mad woman,folklore: the long pond studio sessions (from the Disney+ special) [deluxe edition],D# major
Taylor Swift,2020,0.317,0.254,1,-13.679,0.0286,0.727,0.000326,0.0867,0.103,93.933,289746,FALSE,epiphany,folklore: the long pond studio sessions (from the Disney+ special) [deluxe edition],C# major
Taylor Swift,2020,0.595,0.376,0,-8.767,0.0256,0.589,0,0.0989,0.476,95.946,294520,TRUE,betty,folklore: the long pond studio sessions (from the Disney+ special) [deluxe edition],C major
Taylor Swift,2020,0.644,0.284,5,-12.879,0.0821,0.916,1.50E-05,0.0909,0.328,150.072,234000,TRUE,peace,folklore: the long pond studio sessions (from the Disney+ special) [deluxe edition],F major
Taylor Swift,2020,0.676,0.178,8,-15.01,0.0394,0.964,7.90E-06,0.135,0.404,118.84,220040,FALSE,hoax,folklore: the long pond studio sessions (from the Disney+ special) [deluxe edition],G# major
Taylor Swift,2020,0.313,0.258,2,-11.532,0.0383,0.842,1.30E-06,0.0948,0.268,179.947,211813,FALSE,the lakes - bonus track,folklore: the long pond studio sessions (from the Disney+ special) [deluxe edition],D major
Taylor Swift,2020,0.708,0.25,0,-10.731,0.0361,0.898,0.026,0.102,0.156,139.803,219893,TRUE,the 1 - the long pond studio sessions,folklore: the long pond studio sessions (from the Disney+ special) [deluxe edition],C major
Taylor Swift,2020,0.395,0.234,0,-9.704,0.0382,0.88,0,0.107,0.247,86.478,230680,FALSE,cardigan - the long pond studio sessions,folklore: the long pond studio sessions (from the Disney+ special) [deluxe edition],C minor
Taylor Swift,2020,0.64,0.618,7,-11.715,0.0379,0.743,0.004,0.0574,0.614,147.948,232346,FALSE,the last great american dynasty - the long pond studio sessions,folklore: the long pond studio sessions (from the Disney+ special) [deluxe edition],G major
Taylor Swift,2020,0.359,0.305,6,-10.295,0.0306,0.848,6.74E-05,0.111,0.108,151.956,279893,FALSE,exile (feat. Bon Iver) - the long pond studio sessions,folklore: the long pond studio sessions (from the Disney+ special) [deluxe edition],F# major
Taylor Swift,2020,0.531,0.172,0,-12.34,0.0351,0.946,1.01E-05,0.0615,0.168,129.007,295173,FALSE,my tears ricochet - the long pond studio sessions,folklore: the long pond studio sessions (from the Disney+ special) [deluxe edition],C major
Taylor Swift,2020,0.509,0.386,2,-8.434,0.0272,0.78,3.45E-05,0.118,0.109,109.993,237373,FALSE,mirrorball - the long pond studio sessions,folklore: the long pond studio sessions (from the Disney+ special) [deluxe edition],D major
Taylor Swift,2020,0.694,0.449,4,-11.49,0.0301,0.914,0.000126,0.1,0.363,94.963,208986,FALSE,seven - the long pond studio sessions,folklore: the long pond studio sessions (from the Disney+ special) [deluxe edition],E major
Taylor Swift,2020,0.554,0.663,5,-8.961,0.0324,0.5,4.77E-05,0.791,0.545,89.977,260000,FALSE,august - the long pond studio sessions,folklore: the long pond studio sessions (from the Disney+ special) [deluxe edition],F major
Taylor Swift,2020,0.435,0.332,9,-11.611,0.031,0.928,0.000898,0.0867,0.157,68.097,209293,FALSE,this is me trying - the long pond studio sessions,folklore: the long pond studio sessions (from the Disney+ special) [deluxe edition],A major
Taylor Swift,2020,0.489,0.235,10,-10.274,0.0356,0.883,0,0.113,0.435,117.699,183720,FALSE,illicit affairs - the long pond studio sessions,folklore: the long pond studio sessions (from the Disney+ special) [deluxe edition],A# major
Taylor Swift,2020,0.59,0.282,7,-10.542,0.0281,0.942,4.85E-06,0.11,0.351,83.438,257359,FALSE,invisible string - the long pond studio sessions,folklore: the long pond studio sessions (from the Disney+ special) [deluxe edition],G major
Taylor Swift,2020,0.663,0.465,3,-10.463,0.0408,0.887,0.000168,0.109,0.346,141.834,238333,TRUE,mad woman - the long pond studio sessions,folklore: the long pond studio sessions (from the Disney+ special) [deluxe edition],D# major
Taylor Swift,2020,0.524,0.2,1,-13.004,0.0274,0.916,0.000392,0.068,0.113,93.87,274880,FALSE,epiphany - the long pond studio sessions,folklore: the long pond studio sessions (from the Disney+ special) [deluxe edition],C# major
Taylor Swift,2020,0.538,0.316,9,-9.5,0.0299,0.841,0,0.119,0.518,95.68,290040,TRUE,betty - the long pond studio sessions,folklore: the long pond studio sessions (from the Disney+ special) [deluxe edition],A minor
Taylor Swift,2020,0.619,0.344,5,-11.472,0.0647,0.93,7.61E-05,0.0734,0.513,149.897,214373,TRUE,peace - the long pond studio sessions,folklore: the long pond studio sessions (from the Disney+ special) [deluxe edition],F major
Taylor Swift,2020,0.682,0.155,8,-13.083,0.0394,0.962,0,0.18,0.483,118.832,221800,FALSE,hoax - the long pond studio sessions,folklore: the long pond studio sessions (from the Disney+ special) [deluxe edition],G# major
Taylor Swift,2020,0.606,0.221,2,-11.767,0.0468,0.794,0,0.0888,0.112,89.844,199733,FALSE,the lakes - the long pond studio sessions,folklore: the long pond studio sessions (from the Disney+ special) [deluxe edition],D major
Taylor Swift,2020,0.78,0.361,0,-6.942,0.048,0.75,7.14E-06,0.108,0.163,139.902,210240,TRUE,the 1,folklore (deluxe version),C major
Taylor Swift,2020,0.612,0.58,0,-8.572,0.0419,0.525,0.000414,0.26,0.534,130.045,239560,FALSE,cardigan,folklore (deluxe version),C minor
Taylor Swift,2020,0.688,0.653,7,-8.558,0.0403,0.481,0.00414,0.106,0.701,147.991,231000,TRUE,the last great american dynasty,folklore (deluxe version),G major
Taylor Swift,2020,0.31,0.374,6,-8.464,0.0275,0.761,2.46E-05,0.11,0.16,75.938,285640,FALSE,exile (feat. Bon Iver),folklore (deluxe version),F# major
Taylor Swift,2020,0.456,0.265,0,-10.663,0.0328,0.814,0,0.0679,0.112,129.947,255893,FALSE,my tears ricochet,folklore (deluxe version),C major
Taylor Swift,2020,0.549,0.417,7,-10.064,0.035,0.686,1.90E-06,0.0604,0.347,110.137,208973,FALSE,mirrorball,folklore (deluxe version),G major
Taylor Swift,2020,0.602,0.494,4,-10.813,0.0277,0.888,2.59E-05,0.0902,0.374,94.955,208906,FALSE,seven,folklore (deluxe version),E major
Taylor Swift,2020,0.387,0.634,5,-9.222,0.0363,0.553,6.93E-05,0.0931,0.42,89.567,261920,FALSE,august,folklore (deluxe version),F major
Taylor Swift,2020,0.511,0.478,9,-9.837,0.0322,0.312,2.30E-05,0.147,0.408,135.882,195106,FALSE,this is me trying,folklore (deluxe version),A major
Taylor Swift,2020,0.529,0.304,10,-10.567,0.0356,0.862,0,0.108,0.44,119.58,190893,FALSE,illicit affairs,folklore (deluxe version),A# major
Taylor Swift,2020,0.651,0.459,4,-11.128,0.0507,0.859,6.63E-05,0.105,0.454,83.455,252880,FALSE,invisible string,folklore (deluxe version),E minor
Taylor Swift,2020,0.593,0.7,3,-9.016,0.0492,0.67,6.77E-06,0.116,0.451,141.898,237266,TRUE,mad woman,folklore (deluxe version),D# major
Taylor Swift,2020,0.317,0.254,1,-13.679,0.0286,0.727,0.000326,0.0867,0.103,93.933,289746,FALSE,epiphany,folklore (deluxe version),C# major
Taylor Swift,2020,0.595,0.376,0,-8.767,0.0256,0.589,0,0.0989,0.476,95.946,294520,TRUE,betty,folklore (deluxe version),C major
Taylor Swift,2020,0.644,0.284,5,-12.879,0.0821,0.916,1.50E-05,0.0909,0.328,150.072,234000,TRUE,peace,folklore (deluxe version),F major
Taylor Swift,2020,0.676,0.178,8,-15.01,0.0394,0.964,7.90E-06,0.135,0.404,118.84,220040,FALSE,hoax,folklore (deluxe version),G# major
Taylor Swift,2020,0.313,0.258,2,-11.532,0.0383,0.842,1.30E-06,0.0948,0.268,179.947,211813,FALSE,the lakes - bonus track,folklore (deluxe version),D major
Taylor Swift,2020,0.777,0.357,0,-6.942,0.0522,0.757,7.28E-06,0.108,0.172,139.883,210251,TRUE,the 1,folklore,C major
Taylor Swift,2020,0.613,0.581,0,-8.588,0.0424,0.537,0.000345,0.25,0.551,130.033,239560,FALSE,cardigan,folklore,C minor
Taylor Swift,2020,0.686,0.662,7,-8.505,0.0413,0.467,0.0023,0.109,0.706,147.922,230999,TRUE,the last great american dynasty,folklore,G major
Taylor Swift,2020,0.298,0.38,6,-8.426,0.0287,0.778,5.62E-05,0.11,0.152,75.602,285634,FALSE,exile (feat. Bon Iver),folklore,F# major
Taylor Swift,2020,0.456,0.263,0,-10.63,0.0332,0.806,0,0.0749,0.111,129.86,255893,FALSE,my tears ricochet,folklore,C major
Taylor Swift,2020,0.553,0.413,2,-10.037,0.0334,0.687,2.33E-06,0.0594,0.379,110.107,208977,FALSE,mirrorball,folklore,D major
Taylor Swift,2020,0.596,0.488,4,-10.769,0.0274,0.9,2.70E-05,0.091,0.415,94.926,208906,FALSE,seven,folklore,E major
Taylor Swift,2020,0.532,0.623,5,-9.208,0.0331,0.538,7.28E-05,0.0925,0.403,89.937,261922,FALSE,august,folklore,F major
Taylor Swift,2020,0.515,0.476,9,-9.843,0.0328,0.314,4.74E-05,0.171,0.412,135.886,195097,FALSE,this is me trying,folklore,A major
Taylor Swift,2020,0.559,0.31,10,-10.445,0.0338,0.881,0,0.106,0.46,119.845,190898,FALSE,illicit affairs,folklore,A# major
Taylor Swift,2020,0.653,0.452,4,-11.143,0.055,0.838,7.73E-05,0.108,0.45,83.433,252880,FALSE,invisible string,folklore,E minor
Taylor Swift,2020,0.592,0.699,3,-8.995,0.0471,0.655,1.68E-05,0.114,0.506,141.916,237258,TRUE,mad woman,folklore,D# major
Taylor Swift,2020,0.354,0.267,1,-13.69,0.0281,0.731,0.000402,0.0858,0.113,94.219,289749,FALSE,epiphany,folklore,C# major
Taylor Swift,2020,0.593,0.377,0,-8.761,0.0253,0.6,0,0.0976,0.502,95.939,294521,TRUE,betty,folklore,C major
Taylor Swift,2020,0.647,0.272,5,-12.906,0.0916,0.918,1.73E-05,0.0918,0.339,150.044,234000,TRUE,peace,folklore,F major
Taylor Swift,2020,0.662,0.181,8,-15.065,0.0415,0.966,3.86E-06,0.133,0.429,118.819,220042,FALSE,hoax,folklore,G# major
Taylor Swift,2019,0.664,0.316,5,-10.345,0.519,0.298,2.03E-06,0.0812,0.541,92.875,170640,FALSE,I Forgot That You Existed,Lover,F major
Taylor Swift,2019,0.552,0.702,9,-5.707,0.157,0.117,2.06E-05,0.105,0.564,169.994,178426,FALSE,Cruel Summer,Lover,A major
Taylor Swift,2019,0.359,0.543,7,-7.582,0.0919,0.492,1.58E-05,0.118,0.453,68.534,221306,FALSE,Lover,Lover,G major
Taylor Swift,2019,0.777,0.658,0,-5.191,0.054,0.0767,0,0.0901,0.633,110.048,190360,FALSE,The Man,Lover,C major
Taylor Swift,2019,0.292,0.574,0,-9.375,0.0401,0.12,0.00569,0.0663,0.166,124.344,211240,FALSE,The Archer,Lover,C major
Taylor Swift,2019,0.897,0.366,0,-8.029,0.0569,0.00889,0.000353,0.0715,0.416,100.003,173386,FALSE,I Think He Knows,Lover,C major
Taylor Swift,2019,0.662,0.747,11,-6.926,0.0736,0.028,0.00615,0.138,0.487,150.088,234146,FALSE,Miss Americana & The Heartbreak Prince,Lover,B minor
Taylor Swift,2019,0.811,0.719,9,-6.553,0.0497,0.0129,1.36E-05,0.0742,0.865,103.979,222400,FALSE,Paper Rings,Lover,A major
Taylor Swift,2019,0.824,0.624,0,-9.728,0.0827,0.781,0.000189,0.1,0.248,102.012,287266,FALSE,Cornelia Street,Lover,C major
Taylor Swift,2019,0.712,0.732,4,-6.754,0.0629,0.454,0,0.319,0.313,94.071,198533,FALSE,Death By A Thousand Cuts,Lover,E major
Taylor Swift,2019,0.695,0.71,1,-6.639,0.05,0.0246,0.000104,0.133,0.557,157.925,190240,FALSE,London Boy,Lover,C# major
Taylor Swift,2019,0.433,0.182,0,-12.566,0.0641,0.907,0,0.123,0.421,207.476,201586,FALSE,Soon You'll Get Better (feat. The Chicks),Lover,C major
Taylor Swift,2019,0.739,0.32,11,-10.862,0.239,0.736,0.000147,0.111,0.351,79.97,200306,FALSE,False God,Lover,B minor
Taylor Swift,2019,0.771,0.671,2,-5.617,0.0553,0.00929,0,0.0637,0.714,85.026,171360,FALSE,You Need To Calm Down,Lover,D major
Taylor Swift,2019,0.756,0.449,9,-8.746,0.0344,0.13,0,0.114,0.399,111.011,223293,FALSE,Afterglow,Lover,A major
Taylor Swift,2019,0.61,0.83,0,-4.105,0.0571,0.033,0,0.118,0.728,182.162,193000,FALSE,ME! (feat. Brendon Urie of Panic! At The Disco),Lover,C major
Taylor Swift,2019,0.737,0.175,10,-9.912,0.0401,0.971,0.000337,0.171,0.545,70.008,150440,FALSE,It's Nice To Have A Friend,Lover,A# major
Taylor Swift,2019,0.557,0.496,0,-9.602,0.0563,0.808,0.000173,0.0772,0.265,149.983,293453,FALSE,Daylight,Lover,C major
Taylor Swift,2017,0.613,0.764,2,-6.509,0.136,0.0527,0,0.197,0.417,160.015,208186,FALSE,...Ready For It?,reputation,D major
Taylor Swift,2017,0.649,0.589,2,-6.237,0.0558,0.00845,0,0.108,0.151,159.073,244826,FALSE,End Game,reputation,D major
Taylor Swift,2017,0.696,0.602,0,-6.156,0.159,0.0679,2.11E-05,0.0696,0.305,82.989,238253,FALSE,I Did Something Bad,reputation,C minor
Taylor Swift,2017,0.615,0.534,9,-6.719,0.0386,0.106,1.76E-05,0.0607,0.193,135.917,236413,FALSE,Don't Blame Me,reputation,A minor
Taylor Swift,2017,0.75,0.404,9,-10.178,0.0682,0.216,0.000357,0.0911,0.0499,95.045,232253,FALSE,Delicate,reputation,A minor
Taylor Swift,2017,0.766,0.709,9,-6.471,0.123,0.204,1.41E-05,0.126,0.506,128.07,211853,FALSE,Look What You Made Me Do,reputation,A minor
Taylor Swift,2017,0.574,0.61,2,-7.283,0.0732,0.122,1.10E-06,0.13,0.374,74.957,227906,FALSE,So It Goes...,reputation,D major
Taylor Swift,2017,0.8,0.535,7,-6.684,0.135,0.0713,9.48E-06,0.213,0.451,92.027,209680,FALSE,Gorgeous,reputation,G major
Taylor Swift,2017,0.562,0.689,2,-6.745,0.127,0.00465,2.23E-06,0.0888,0.351,172.054,233626,FALSE,Getaway Car,reputation,D major
Taylor Swift,2017,0.675,0.703,0,-7.902,0.0382,0.00882,2.21E-06,0.0391,0.314,110.01,214320,FALSE,King Of My Heart,reputation,C major
Taylor Swift,2017,0.624,0.691,0,-6.686,0.196,0.0604,1.10E-05,0.138,0.284,160.024,211506,FALSE,Dancing With Our Hands Tied,reputation,C minor
Taylor Swift,2017,0.719,0.469,0,-8.792,0.0533,0.0329,0,0.169,0.0851,120.085,230373,FALSE,Dress,reputation,C major
Taylor Swift,2017,0.567,0.789,5,-5.986,0.115,0.0156,0,0.382,0.438,163.96,207133,FALSE,This Is Why We Can't Have Nice Things,reputation,F major
Taylor Swift,2017,0.598,0.504,9,-9.874,0.0731,0.186,0.000221,0.34,0.252,163.954,203506,FALSE,Call It What You Want,reputation,A major
Taylor Swift,2017,0.661,0.151,0,-12.864,0.0354,0.921,0,0.13,0.23,94.922,235466,FALSE,New Year's Day,reputation,C major
Taylor Swift,2017,0.602,0.605,0,-7.803,0.0244,0.0448,0.000334,0.128,0.316,93.061,329160,FALSE,All Too Well,reputation Stadium Tour Surprise Song Playlist,C major
Taylor Swift,2017,0.55,0.688,8,-7.416,0.0897,0.0692,0.00144,0.106,0.465,139.997,220440,FALSE,Wildest Dreams,reputation Stadium Tour Surprise Song Playlist,G# major
Taylor Swift,2017,0.669,0.448,1,-8.566,0.0285,0.639,4.06E-06,0.158,0.383,126.068,246306,FALSE,The Best Day,reputation Stadium Tour Surprise Song Playlist,C# major
Taylor Swift,2017,0.605,0.899,1,-4.273,0.0423,0.0779,0.000125,0.0911,0.647,124.985,223093,FALSE,Red,reputation Stadium Tour Surprise Song Playlist,C# minor
Taylor Swift,2017,0.627,0.816,4,-6.698,0.0774,0.0162,0.00208,0.0965,0.648,157.043,202960,FALSE,Holy Ground,reputation Stadium Tour Surprise Song Playlist,E major
Taylor Swift,2017,0.626,0.427,10,-6.993,0.0234,0.313,0,0.138,0.263,99.959,204706,FALSE,Teardrops On My Guitar - Radio Single Remix,reputation Stadium Tour Surprise Song Playlist,A# major
Taylor Swift,2017,0.545,0.663,2,-5.05,0.0363,0.114,0,0.321,0.565,178.013,203440,FALSE,Our Song,reputation Stadium Tour Surprise Song Playlist,D major
Taylor Swift,2017,0.66,0.733,7,-6.564,0.0379,0.00254,0.00146,0.0473,0.68,104.009,232120,FALSE,22,reputation Stadium Tour Surprise Song Playlist,G major
Taylor Swift,2017,0.536,0.464,6,-6.761,0.0412,0.00476,2.67E-06,0.0357,0.665,77.318,219720,FALSE,I Knew You Were Trouble.,reputation Stadium Tour Surprise Song Playlist,F# major
Taylor Swift,2017,0.731,0.445,0,-8.418,0.0533,0.0586,1.96E-05,0.14,0.106,117.97,247160,FALSE,I Don't Wanna Live Forever (Fifty Shades Darker),reputation Stadium Tour Surprise Song Playlist,C major
Taylor Swift,2017,0.576,0.754,4,-3.982,0.0428,0.451,0,0.223,0.79,163.886,238693,FALSE,Mean,reputation Stadium Tour Surprise Song Playlist,E major
Taylor Swift,2017,0.765,0.656,5,-6.112,0.0504,0.00364,0.00868,0.0918,0.545,119.997,247533,FALSE,How You Get The Girl,reputation Stadium Tour Surprise Song Playlist,F major
Taylor Swift,2017,0.574,0.61,2,-7.283,0.0732,0.122,1.10E-06,0.13,0.374,74.957,227906,FALSE,So It Goes...,reputation Stadium Tour Surprise Song Playlist,D major
Taylor Swift,2017,0.55,0.628,7,-4.437,0.0269,0.0717,0,0.138,0.211,95.122,295320,FALSE,Fifteen,reputation Stadium Tour Surprise Song Playlist,G major
Taylor Swift,2017,0.621,0.779,7,-2.943,0.0301,0.00302,3.22E-06,0.187,0.67,121.034,231866,FALSE,Mine,reputation Stadium Tour Surprise Song Playlist,G major
Taylor Swift,2017,0.61,0.782,5,-2.98,0.0309,0.041,0,0.16,0.399,114.977,262920,FALSE,Sparks Fly,reputation Stadium Tour Surprise Song Playlist,F major
Taylor Swift,2017,0.591,0.828,4,-5.895,0.0333,0.000184,0.00113,0.0879,0.383,129.962,295720,FALSE,State Of Grace,reputation Stadium Tour Surprise Song Playlist,E major
Taylor Swift,2017,0.431,0.949,5,-2.622,0.0605,0.0648,0,0.0612,0.37,162.012,245413,FALSE,Haunted,reputation Stadium Tour Surprise Song Playlist,F major
Taylor Swift,2017,0.714,0.309,2,-8.828,0.0302,0.824,0,0.136,0.545,124.894,292920,FALSE,Never Grow Up,reputation Stadium Tour Surprise Song Playlist,D major
Taylor Swift,2017,0.704,0.621,2,-8.086,0.0334,0.101,4.30E-06,0.14,0.395,109.995,242760,FALSE,Treacherous,reputation Stadium Tour Surprise Song Playlist,D major
Taylor Swift,2017,0.577,0.784,1,-3.266,0.101,0.0221,0,0.125,0.643,171.791,215106,FALSE,Babe,reputation Stadium Tour Surprise Song Playlist,C# minor
Taylor Swift,2017,0.789,0.634,7,-4.762,0.0323,0.0348,1.64E-06,0.302,0.658,116.992,212600,FALSE,Welcome To New York,reputation Stadium Tour Surprise Song Playlist,G major
Taylor Swift,2017,0.603,0.718,5,-4.401,0.0272,0.0377,0,0.307,0.429,100.163,242973,FALSE,Fearless,reputation Stadium Tour Surprise Song Playlist,F major
Taylor Swift,2017,0.535,0.626,8,-3.895,0.0274,0.0717,0.00127,0.158,0.218,81.963,353253,FALSE,Enchanted,reputation Stadium Tour Surprise Song Playlist,G# major
Taylor Swift,2017,0.543,0.763,5,-4.206,0.0376,0.00418,0,0.111,0.234,96.006,281053,FALSE,Change,reputation Stadium Tour Surprise Song Playlist,F major
Taylor Swift,2017,0.61,0.56,0,-7.392,0.0279,0.469,0,0.087,0.228,159.837,239346,FALSE,Ours,reputation Stadium Tour Surprise Song Playlist,C major
Taylor Swift,2017,0.553,0.841,7,-6.937,0.0396,0.000743,1.19E-05,0.341,0.338,92.008,235800,FALSE,Out Of The Woods,reputation Stadium Tour Surprise Song Playlist,G major
Taylor Swift,2017,0.483,0.548,4,-6.291,0.0254,0.00471,2.01E-06,0.0997,0.217,79.926,223920,FALSE,Come Back...Be Here,reputation Stadium Tour Surprise Song Playlist,E major
Taylor Swift,2017,0.573,0.767,9,-2.929,0.0323,0.0577,0,0.327,0.438,114.984,202080,FALSE,A Place in this World,reputation Stadium Tour Surprise Song Playlist,A major
Taylor Swift,2017,0.481,0.435,4,-8.795,0.0321,0.678,0,0.0928,0.107,143.95,250093,FALSE,This Love,reputation Stadium Tour Surprise Song Playlist,E major
Taylor Swift,2017,0.706,0.505,4,-7.639,0.0358,0.0352,0,0.13,0.561,117.935,240266,FALSE,The Lucky One,reputation Stadium Tour Surprise Song Playlist,E major
Taylor Swift,2017,0.609,0.383,7,-5.732,0.0243,0.56,0,0.165,0.224,96.005,205853,FALSE,Invisible,reputation Stadium Tour Surprise Song Playlist,G major
Taylor Swift,2017,0.442,0.48,1,-7.405,0.0281,0.416,0,0.129,0.167,73.849,264946,FALSE,Breathe,reputation Stadium Tour Surprise Song Playlist,C# major
Taylor Swift,2017,0.502,0.843,5,-3.648,0.0378,0.123,0,0.0974,0.507,143.944,263613,FALSE,Better Man,reputation Stadium Tour Surprise Song Playlist,F major
Taylor Swift,2017,0.617,0.699,2,-5.712,0.0274,0.113,0,0.074,0.818,80.007,238093,FALSE,Jump Then Fall,reputation Stadium Tour Surprise Song Playlist,D major
Taylor Swift,2017,0.53,0.526,7,-8.349,0.0263,0.199,3.52E-06,0.14,0.323,79.025,239426,FALSE,Begin Again,reputation Stadium Tour Surprise Song Playlist,G major
Taylor Swift,2017,0.479,0.547,2,-4.948,0.0275,0.521,0,0.0728,0.238,146.147,251213,FALSE,Tied Together with a Smile,reputation Stadium Tour Surprise Song Playlist,D major
Taylor Swift,2017,0.547,0.808,4,-3.63,0.0398,0.00556,0.000304,0.0587,0.65,139.908,267653,FALSE,The Story Of Us,reputation Stadium Tour Surprise Song Playlist,E major
Taylor Swift,2017,0.607,0.829,10,-5.02,0.0588,0.0806,0,0.207,0.52,128.057,226293,FALSE,Forever & Always,reputation Stadium Tour Surprise Song Playlist,A# major
Taylor Swift,2017,0.843,0.541,6,-7.361,0.0318,0.191,1.85E-06,0.108,0.838,116.001,256040,FALSE,Hey Stephen,reputation Stadium Tour Surprise Song Playlist,F# major
Taylor Swift,2017,0.712,0.603,7,-3.753,0.0304,0.0991,0,0.102,0.714,118.986,243346,FALSE,Speak Now,reputation Stadium Tour Surprise Song Playlist,G major
Taylor Swift,2017,0.422,0.692,3,-5.447,0.0549,0.0493,2.57E-05,0.177,0.197,184.014,245560,FALSE,Wonderland,reputation Stadium Tour Surprise Song Playlist,D# major
Taylor Swift,2017,0.578,0.348,0,-8.066,0.0257,0.314,0,0.1,0.218,92.673,235400,FALSE,White Horse,reputation Stadium Tour Surprise Song Playlist,C major
Taylor Swift,2017,0.556,0.933,8,-3.685,0.072,0.00454,0.000469,0.101,0.521,143.936,215600,FALSE,I'm Only Me When I'm With You,reputation Stadium Tour Surprise Song Playlist,G# major
Taylor Swift,2017,0.649,0.777,9,-5.797,0.0391,0.0192,0.000487,0.234,0.616,126.014,220600,FALSE,Starlight,reputation Stadium Tour Surprise Song Playlist,A major
Taylor Swift,2017,0.602,0.755,0,-4.991,0.071,0.245,0,0.178,0.495,159.965,195706,FALSE,I Know Places,reputation Stadium Tour Surprise Song Playlist,C major
Taylor Swift,2014,0.789,0.634,7,-4.762,0.0323,0.0348,1.64E-06,0.302,0.658,116.992,212600,FALSE,Welcome To New York,1989 (Deluxe),G major
Taylor Swift,2014,0.76,0.703,5,-5.412,0.054,0.103,0,0.0913,0.57,95.997,231826,FALSE,Blank Space,1989 (Deluxe),F major
Taylor Swift,2014,0.588,0.791,7,-5.595,0.0402,0.00245,0.00258,0.118,0.487,94.933,231000,FALSE,Style,1989 (Deluxe),G major
Taylor Swift,2014,0.553,0.841,7,-6.937,0.0396,0.000743,1.19E-05,0.341,0.338,92.008,235800,FALSE,Out Of The Woods,1989 (Deluxe),G major
Taylor Swift,2014,0.605,0.725,5,-5.729,0.0323,0.00201,2.02E-05,0.101,0.539,96.97,193293,FALSE,All You Had To Do Was Stay,1989 (Deluxe),F major
Taylor Swift,2014,0.647,0.8,7,-5.384,0.165,0.0647,0,0.334,0.942,160.078,219200,FALSE,Shake It Off,1989 (Deluxe),G major
Taylor Swift,2014,0.653,0.893,0,-5.966,0.0538,0.0158,4.95E-05,0.102,0.513,118.035,207440,FALSE,I Wish You Would,1989 (Deluxe),C major
Taylor Swift,2014,0.646,0.794,7,-6.104,0.19,0.0885,6.16E-06,0.201,0.287,170.216,211933,FALSE,Bad Blood,1989 (Deluxe),G major
Taylor Swift,2014,0.55,0.688,8,-7.416,0.0897,0.0692,0.00144,0.106,0.465,139.997,220440,FALSE,Wildest Dreams,1989 (Deluxe),G# major
Taylor Swift,2014,0.765,0.656,5,-6.112,0.0504,0.00364,0.00868,0.0918,0.545,119.997,247533,FALSE,How You Get The Girl,1989 (Deluxe),F major
Taylor Swift,2014,0.481,0.435,4,-8.795,0.0321,0.678,0,0.0928,0.107,143.95,250093,FALSE,This Love,1989 (Deluxe),E major
Taylor Swift,2014,0.602,0.755,0,-4.991,0.071,0.245,0,0.178,0.495,159.965,195706,FALSE,I Know Places,1989 (Deluxe),C major
Taylor Swift,2014,0.815,0.377,4,-7.754,0.0346,0.232,0,0.1,0.211,103.97,271000,FALSE,Clean,1989 (Deluxe),E major
Taylor Swift,2014,0.422,0.692,3,-5.447,0.0549,0.0493,2.57E-05,0.177,0.197,184.014,245560,FALSE,Wonderland,1989 (Deluxe),D# major
Taylor Swift,2014,0.474,0.48,2,-8.894,0.0622,0.707,0.000108,0.0903,0.319,170.109,267106,FALSE,You Are In Love,1989 (Deluxe),D major
Taylor Swift,2014,0.633,0.889,5,-5.87,0.0715,0.00463,0.000458,0.0658,0.584,121.956,230466,FALSE,New Romantics,1989 (Deluxe),F major
Taylor Swift,2014,0.592,0.128,9,-17.932,0.589,0.829,0,0.527,0.15,78.828,216333,FALSE,I Know Places - Voice Memo,1989 (Deluxe),A minor
Taylor Swift,2014,0.781,0.357,0,-16.394,0.912,0.717,0,0.185,0.645,118.317,107133,FALSE,I Wish You Would - Voice Memo,1989 (Deluxe),C major
Taylor Swift,2014,0.675,0.234,5,-15.064,0.721,0.801,0,0.657,0.578,127.296,131186,FALSE,Blank Space - Voice Memo,1989 (Deluxe),F minor
Taylor Swift,2014,0.793,0.634,7,-4.807,0.0324,0.038,1.76E-06,0.304,0.615,117.023,212600,FALSE,Welcome To New York,1989,G major
Taylor Swift,2014,0.752,0.678,5,-5.421,0.0646,0.085,1.64E-06,0.13,0.583,96.009,231826,FALSE,Blank Space,1989,F major
Taylor Swift,2014,0.598,0.786,2,-5.572,0.0382,0.00256,0.00143,0.117,0.456,95.021,231000,FALSE,Style,1989,D major
Taylor Swift,2014,0.552,0.841,7,-6.938,0.0372,0.00103,1.23E-05,0.337,0.342,91.993,235800,FALSE,Out Of The Woods,1989,G major
Taylor Swift,2014,0.602,0.735,5,-5.778,0.0337,0.00196,4.77E-05,0.105,0.472,96.969,193293,FALSE,All You Had To Do Was Stay,1989,F major
Taylor Swift,2014,0.648,0.785,7,-5.414,0.165,0.0561,0,0.148,0.943,160.02,219200,FALSE,Shake It Off,1989,G major
Taylor Swift,2014,0.649,0.898,0,-5.963,0.0511,0.016,9.90E-05,0.109,0.503,118.027,207440,FALSE,I Wish You Would,1989,C major
Taylor Swift,2014,0.652,0.802,7,-6.114,0.181,0.0871,6.45E-06,0.148,0.295,170.157,211933,FALSE,Bad Blood,1989,G major
Taylor Swift,2014,0.553,0.664,8,-7.417,0.0741,0.0709,0.0056,0.106,0.467,140.06,220440,FALSE,Wildest Dreams,1989,G# major
Taylor Swift,2014,0.764,0.659,5,-6.136,0.0492,0.00463,0.00458,0.0915,0.525,119.982,247533,FALSE,How You Get The Girl,1989,F major
Taylor Swift,2014,0.485,0.459,4,-8.768,0.0337,0.635,0,0.101,0.0858,71.981,250093,FALSE,This Love,1989,E major
Taylor Swift,2014,0.595,0.763,0,-4.991,0.0661,0.231,0,0.2,0.507,159.959,195706,FALSE,I Know Places,1989,C major
Taylor Swift,2014,0.81,0.38,4,-7.755,0.035,0.242,0,0.113,0.211,103.981,271000,FALSE,Clean,1989,E major
Taylor Swift,2012,0.588,0.825,4,-5.882,0.0328,0.000197,0.00138,0.0884,0.397,129.968,295720,FALSE,State Of Grace,Red (Deluxe Edition),E major
Taylor Swift,2012,0.602,0.896,1,-4.267,0.0437,0.0773,8.87E-05,0.0911,0.641,124.978,223093,FALSE,Red,Red (Deluxe Edition),C# minor
Taylor Swift,2012,0.704,0.621,2,-8.086,0.0334,0.101,4.30E-06,0.14,0.395,109.995,242760,FALSE,Treacherous,Red (Deluxe Edition),D major
Taylor Swift,2012,0.622,0.469,3,-6.798,0.0363,0.00454,2.25E-06,0.0335,0.679,77.019,219720,FALSE,I Knew You Were Trouble.,Red (Deluxe Edition),D# minor
Taylor Swift,2012,0.602,0.609,0,-7.803,0.0243,0.0382,2.00E-04,0.128,0.337,93.06,329160,FALSE,All Too Well,Red (Deluxe Edition),C major
Taylor Swift,2012,0.661,0.729,7,-6.561,0.0376,0.00215,0.0013,0.0477,0.668,103.987,232120,FALSE,22,Red (Deluxe Edition),G major
Taylor Swift,2012,0.567,0.481,4,-7.357,0.027,0.0173,4.13E-05,0.182,0.233,145.865,244560,FALSE,I Almost Do,Red (Deluxe Edition),E major
Taylor Swift,2012,0.628,0.676,7,-5.911,0.0916,0.00957,2.65E-05,0.121,0.75,85.984,193146,FALSE,We Are Never Ever Getting Back Together,Red (Deluxe Edition),G major
Taylor Swift,2012,0.729,0.748,0,-6.67,0.0245,0.307,1.29E-06,0.0962,0.928,99.981,205853,FALSE,Stay Stay Stay,Red (Deluxe Edition),C major
Taylor Swift,2012,0.505,0.443,2,-7.039,0.0276,0.035,3.15E-06,0.0906,0.123,94.069,299013,FALSE,The Last Time,Red (Deluxe Edition),D major
Taylor Swift,2012,0.627,0.816,4,-6.698,0.0774,0.0162,0.00208,0.0965,0.648,157.043,202960,FALSE,Holy Ground,Red (Deluxe Edition),E major
Taylor Swift,2012,0.624,0.34,7,-12.411,0.029,0.632,0.0337,0.0805,0.261,129.987,284866,FALSE,Sad Beautiful Tragic,Red (Deluxe Edition),G major
Taylor Swift,2012,0.706,0.499,4,-7.675,0.0369,0.0371,0,0.132,0.545,117.937,240266,FALSE,The Lucky One,Red (Deluxe Edition),E major
Taylor Swift,2012,0.624,0.458,6,-6.755,0.0287,0.36,3.89E-06,0.311,0.436,80.016,245413,FALSE,Everything Has Changed,Red (Deluxe Edition),F# major
Taylor Swift,2012,0.649,0.777,9,-5.804,0.0406,0.0213,0.000335,0.21,0.587,126.018,220600,FALSE,Starlight,Red (Deluxe Edition),A major
Taylor Swift,2012,0.53,0.526,7,-8.349,0.0263,0.199,3.52E-06,0.14,0.323,79.025,239426,FALSE,Begin Again,Red (Deluxe Edition),G major
Taylor Swift,2012,0.619,0.506,7,-7.327,0.0315,0.187,1.47E-05,0.101,0.274,126.03,286613,FALSE,The Moment I Knew,Red (Deluxe Edition),G major
Taylor Swift,2012,0.483,0.548,4,-6.291,0.0254,0.00471,2.01E-06,0.0997,0.217,79.926,223920,FALSE,Come Back...Be Here,Red (Deluxe Edition),E major
Taylor Swift,2012,0.733,0.59,5,-5.86,0.0284,0.272,0,0.134,0.633,125.048,220840,FALSE,Girl At Home,Red (Deluxe Edition),F major
Taylor Swift,2012,0.828,0.64,2,-8.248,0.0355,0.175,6.14E-05,0.0991,0.519,109.993,240266,FALSE,Treacherous - Original Demo Recording,Red (Deluxe Edition),D major
Taylor Swift,2012,0.678,0.902,1,-4.659,0.0358,0.113,0.000235,0.0705,0.637,124.998,227080,FALSE,Red - Original Demo Recording,Red (Deluxe Edition),C# minor
Taylor Swift,2012,0.626,0.118,7,-15.91,0.0305,0.664,0.000169,0.127,0.0682,105.597,323080,FALSE,State Of Grace - Acoustic,Red (Deluxe Edition),G major
Taylor Swift,2010,0.455,0.783,5,-5.184,0.0393,0.00917,0,0.918,0.298,114.981,336826,FALSE,Sparks Fly - Live/2011,Speak Now World Tour Live,F major
Taylor Swift,2010,0.496,0.852,7,-4.775,0.0373,0.00233,0,0.554,0.442,120.969,259279,FALSE,Mine - Live/2011,Speak Now World Tour Live,G major
Taylor Swift,2010,0.419,0.908,9,-5.156,0.0651,0.00048,0,0.815,0.472,139.813,290520,FALSE,The Story Of Us - Live,Speak Now World Tour Live,A major
Taylor Swift,2010,0.429,0.915,4,-4.373,0.069,0.154,0,0.693,0.432,163.752,246373,FALSE,Mean - Live/2011,Speak Now World Tour Live,E major
Taylor Swift,2010,0.421,0.355,0,-10.21,0.0298,0.715,0,0.867,0.267,77.769,245973,FALSE,Ours - Live/2011,Speak Now World Tour Live,C major
Taylor Swift,2010,0.374,0.516,2,-8.745,0.0294,0.155,0,0.795,0.171,142.057,362826,FALSE,Back To December/Apologize/You're Not Sorry - Live/2011/Medley,Speak Now World Tour Live,D major
Taylor Swift,2010,0.445,0.887,11,-5.629,0.0768,0.00306,2.67E-05,0.931,0.386,145.954,344573,FALSE,Better Than Revenge - Live/2011,Speak Now World Tour Live,B minor
Taylor Swift,2010,0.615,0.694,7,-5.251,0.0318,0.0636,1.28E-06,0.83,0.373,118.876,248146,FALSE,Speak Now - Live/2011,Speak Now World Tour Live,G major
Taylor Swift,2010,0.427,0.395,0,-12.551,0.0291,0.205,8.73E-06,0.701,0.188,79.517,369066,FALSE,Last Kiss - Live/2011,Speak Now World Tour Live,C major
Taylor Swift,2010,0.374,0.504,2,-8.407,0.0392,0.806,0,0.76,0.27,109.025,315173,FALSE,Drops Of Jupiter - Live/2011,Speak Now World Tour Live,D major
Taylor Swift,2010,0.327,0.488,6,-9.287,0.0322,0.713,0,0.837,0.363,104.46,189146,FALSE,Bette Davis Eyes - Live/2011,Speak Now World Tour Live,F# major
Taylor Swift,2010,0.536,0.512,6,-6.794,0.0341,0.794,0.000122,0.497,0.249,97.397,83253,FALSE,I Want You Back - Live/2011,Speak Now World Tour Live,F# major
Taylor Swift,2010,0.521,0.386,4,-8.784,0.0301,0.0157,0,0.884,0.138,119.518,404680,FALSE,Dear John - Live/2011,Speak Now World Tour Live,E major
Taylor Swift,2010,0.34,0.663,8,-5.597,0.0331,0.0747,2.34E-06,0.563,0.214,163.678,389213,FALSE,Enchanted - Live/2011,Speak Now World Tour Live,G# major
Taylor Swift,2010,0.338,0.818,5,-7.495,0.0496,0.0245,0,0.889,0.177,162.157,292426,FALSE,Haunted - Live/2011,Speak Now World Tour Live,F major
Taylor Swift,2010,0.544,0.728,7,-5.838,0.0282,0.0053,0,0.865,0.204,101.939,376466,FALSE,Long Live - Live/2011,Speak Now World Tour Live,G major
Taylor Swift,2010,0.696,0.768,7,-3.863,0.0308,0.00461,1.21E-06,0.101,0.692,121.05,230546,FALSE,Mine - POP Mix,Speak Now,G major
Taylor Swift,2010,0.608,0.785,5,-2.976,0.0311,0.0387,0,0.158,0.376,114.985,260946,FALSE,Sparks Fly,Speak Now,F major
Taylor Swift,2010,0.517,0.606,2,-5.797,0.0289,0.0202,0,0.324,0.296,141.929,293040,FALSE,Back To December,Speak Now,D major
Taylor Swift,2010,0.708,0.601,7,-3.75,0.0306,0.101,0,0.0979,0.742,118.962,240773,FALSE,Speak Now,Speak Now,G major
Taylor Swift,2010,0.583,0.468,4,-5.378,0.0278,0.183,1.65E-06,0.111,0.126,119.375,403933,FALSE,Dear John,Speak Now,E major
Taylor Swift,2010,0.57,0.747,4,-3.978,0.0426,0.445,0,0.219,0.808,164.004,237746,FALSE,Mean,Speak Now,E major
Taylor Swift,2010,0.575,0.855,9,-4.827,0.0467,0.000315,0.00161,0.0419,0.84,139.92,265680,FALSE,The Story Of Us,Speak Now,A major
Taylor Swift,2010,0.715,0.308,2,-8.829,0.0305,0.829,0,0.16,0.547,124.899,290480,FALSE,Never Grow Up,Speak Now,D major
Taylor Swift,2010,0.535,0.618,8,-3.913,0.0273,0.0716,0.000388,0.169,0.228,81.975,352200,FALSE,Enchanted,Speak Now,G# major
Taylor Swift,2010,0.519,0.917,11,-3.185,0.0887,0.0167,2.06E-05,0.359,0.652,145.882,217173,FALSE,Better Than Revenge,Speak Now,B minor
Taylor Swift,2010,0.553,0.604,1,-5.295,0.0258,0.202,0,0.125,0.186,133.989,302266,FALSE,Innocent,Speak Now,C# minor
Taylor Swift,2010,0.434,0.944,5,-2.641,0.0581,0.0769,0,0.151,0.361,162.02,242093,FALSE,Haunted,Speak Now,F major
Taylor Swift,2010,0.359,0.329,10,-9.531,0.0293,0.581,3.75E-05,0.0979,0.208,84.358,367146,FALSE,Last Kiss,Speak Now,A# major
Taylor Swift,2010,0.412,0.682,7,-4.319,0.0339,0.0426,7.47E-05,0.106,0.146,203.959,317960,FALSE,Long Live,Speak Now,G major
Taylor Swift,2010,0.696,0.768,7,-3.863,0.0308,0.00461,1.21E-06,0.101,0.692,121.05,230546,FALSE,Mine - POP Mix,Speak Now (Deluxe Package),G major
Taylor Swift,2010,0.608,0.785,5,-2.976,0.0311,0.0387,0,0.158,0.376,114.985,260946,FALSE,Sparks Fly,Speak Now (Deluxe Package),F major
Taylor Swift,2010,0.517,0.606,2,-5.797,0.0289,0.0202,0,0.324,0.296,141.929,293040,FALSE,Back To December,Speak Now (Deluxe Package),D major
Taylor Swift,2010,0.708,0.601,7,-3.75,0.0306,0.101,0,0.0979,0.742,118.962,240773,FALSE,Speak Now,Speak Now (Deluxe Package),G major
Taylor Swift,2010,0.583,0.468,4,-5.378,0.0278,0.183,1.65E-06,0.111,0.126,119.375,403887,FALSE,Dear John,Speak Now (Deluxe Package),E major
Taylor Swift,2010,0.57,0.747,4,-3.978,0.0426,0.445,0,0.219,0.808,164.004,237746,FALSE,Mean,Speak Now (Deluxe Package),E major
Taylor Swift,2010,0.575,0.855,9,-4.827,0.0467,0.000315,0.00161,0.0419,0.84,139.92,265636,FALSE,The Story Of Us,Speak Now (Deluxe Package),A major
Taylor Swift,2010,0.715,0.308,2,-8.829,0.0305,0.829,0,0.16,0.547,124.899,290480,FALSE,Never Grow Up,Speak Now (Deluxe Package),D major
Taylor Swift,2010,0.535,0.618,8,-3.913,0.0273,0.0716,0.000388,0.169,0.228,81.975,352200,FALSE,Enchanted,Speak Now (Deluxe Package),G# major
Taylor Swift,2010,0.519,0.917,11,-3.185,0.0887,0.0167,2.06E-05,0.359,0.652,145.882,217173,FALSE,Better Than Revenge,Speak Now (Deluxe Package),B minor
Taylor Swift,2010,0.553,0.604,1,-5.295,0.0258,0.202,0,0.125,0.186,133.989,302266,FALSE,Innocent,Speak Now (Deluxe Package),C# minor
Taylor Swift,2010,0.434,0.944,5,-2.641,0.0581,0.0769,0,0.151,0.361,162.02,242093,FALSE,Haunted,Speak Now (Deluxe Package),F major
Taylor Swift,2010,0.359,0.329,10,-9.531,0.0293,0.581,3.75E-05,0.0979,0.208,84.358,367146,FALSE,Last Kiss,Speak Now (Deluxe Package),A# major
Taylor Swift,2010,0.412,0.682,7,-4.319,0.0339,0.0426,7.47E-05,0.106,0.146,203.959,317960,FALSE,Long Live,Speak Now (Deluxe Package),G major
Taylor Swift,2010,0.61,0.556,0,-7.369,0.0285,0.505,0,0.0851,0.192,159.838,238173,FALSE,Ours,Speak Now (Deluxe Package),C major
Taylor Swift,2010,0.515,0.724,4,-3.498,0.0267,0.154,4.05E-06,0.269,0.257,147.788,234546,FALSE,If This Was A Movie,Speak Now (Deluxe Package),E major
Taylor Swift,2010,0.582,0.817,7,-3.718,0.0337,0.0187,1.94E-06,0.101,0.547,131.983,276266,FALSE,Superman,Speak Now (Deluxe Package),G major
Taylor Swift,2010,0.541,0.451,2,-6.522,0.027,0.731,0,0.197,0.333,141.713,292533,FALSE,Back To December - Acoustic,Speak Now (Deluxe Package),D major
Taylor Swift,2010,0.574,0.462,5,-5.124,0.0252,0.841,0,0.28,0.314,80.858,217626,FALSE,Haunted - Acoustic Version,Speak Now (Deluxe Package),F major
Taylor Swift,2010,0.621,0.78,7,-2.934,0.0297,0.00327,4.55E-06,0.184,0.672,121.038,230773,FALSE,Mine,Speak Now (Deluxe Package),G major
Taylor Swift,2010,0.525,0.676,2,-4.684,0.0294,0.113,0,0.294,0.281,141.95,293040,FALSE,Back To December,Speak Now (Deluxe Package),D major
Taylor Swift,2010,0.546,0.809,4,-3.621,0.041,0.00487,0.000372,0.0437,0.649,139.91,266480,FALSE,The Story Of Us,Speak Now (Deluxe Package),E major
Taylor Swift,2008,0.618,0.687,2,-5.737,0.0271,0.111,0,0.0693,0.82,79.991,237066,FALSE,Jump Then Fall,Fearless (Platinum Edition),D major
Taylor Swift,2008,0.419,0.454,5,-6.809,0.0335,0.0583,3.78E-06,0.0974,0.288,200.017,311040,FALSE,Untouchable,Fearless (Platinum Edition),F major
Taylor Swift,2008,0.592,0.16,9,-10.785,0.0347,0.852,0,0.116,0.294,118.929,267506,FALSE,Forever & Always - Piano Version,Fearless (Platinum Edition),A major
Taylor Swift,2008,0.527,0.461,2,-6.172,0.0256,0.0961,2.47E-06,0.24,0.23,143.94,238093,FALSE,Come In With The Rain,Fearless (Platinum Edition),D major
Taylor Swift,2008,0.61,0.531,2,-6.123,0.0239,0.367,0,0.351,0.228,85.979,261453,FALSE,SuperStar,Fearless (Platinum Edition),D major
Taylor Swift,2008,0.476,0.816,4,-4.279,0.0347,0.169,0,0.238,0.469,163.847,237600,FALSE,The Other Side Of The Door,Fearless (Platinum Edition),E major
Taylor Swift,2008,0.598,0.714,5,-4.397,0.0273,0.0364,1.04E-06,0.31,0.467,99.979,242000,FALSE,Fearless,Fearless (Platinum Edition),F major
Taylor Swift,2008,0.559,0.636,7,-4.4,0.0263,0.0728,0,0.144,0.214,95.485,294346,FALSE,Fifteen,Fearless (Platinum Edition),G major
Taylor Swift,2008,0.618,0.736,2,-3.937,0.0308,0.157,0,0.073,0.307,118.982,235280,FALSE,Love Story,Fearless (Platinum Edition),D major
Taylor Swift,2008,0.843,0.553,6,-7.348,0.0317,0.168,2.66E-06,0.107,0.825,115.997,254320,FALSE,Hey Stephen,Fearless (Platinum Edition),F# major
Taylor Swift,2008,0.585,0.346,0,-8.014,0.0256,0.302,0,0.102,0.195,92.564,234440,FALSE,White Horse,Fearless (Platinum Edition),C major
Taylor Swift,2008,0.687,0.771,6,-4.424,0.0384,0.164,2.46E-05,0.112,0.445,129.964,231146,FALSE,You Belong With Me,Fearless (Platinum Edition),F# major
Taylor Swift,2008,0.498,0.486,1,-7.384,0.0273,0.373,0,0.113,0.17,147.952,263986,FALSE,Breathe,Fearless (Platinum Edition),C# major
Taylor Swift,2008,0.601,0.852,7,-3.096,0.0386,0.0606,3.41E-06,0.37,0.513,100.015,200560,FALSE,Tell Me Why,Fearless (Platinum Edition),G major
Taylor Swift,2008,0.459,0.459,6,-4.126,0.0275,0.13,2.30E-06,0.113,0.281,134.018,261800,FALSE,You're Not Sorry,Fearless (Platinum Edition),F# major
Taylor Swift,2008,0.436,0.712,5,-3.689,0.0329,0.0322,0,0.111,0.379,160.886,244240,FALSE,The Way I Loved You,Fearless (Platinum Edition),F major
Taylor Swift,2008,0.605,0.829,10,-4.993,0.0549,0.0907,0,0.106,0.514,128.012,225333,FALSE,Forever & Always,Fearless (Platinum Edition),A# major
Taylor Swift,2008,0.664,0.447,1,-8.535,0.0292,0.611,1.00E-06,0.139,0.364,126.079,245346,FALSE,The Best Day,Fearless (Platinum Edition),C# major
Taylor Swift,2008,0.548,0.756,5,-4.175,0.036,0.00471,0,0.117,0.224,96.038,281053,FALSE,Change,Fearless (Platinum Edition),F major
Taylor Swift,2008,0.593,0.705,5,-4.43,0.0269,0.0449,0,0.309,0.472,100.11,242373,FALSE,Fearless,Fearless (International Version),F major
Taylor Swift,2008,0.555,0.648,7,-4.419,0.027,0.072,0,0.143,0.207,95.431,294306,FALSE,Fifteen,Fearless (International Version),G major
Taylor Swift,2008,0.62,0.639,2,-5.398,0.0285,0.0186,0.00011,0.206,0.34,119.055,233933,FALSE,Love Story,Fearless (International Version),D major
Taylor Swift,2008,0.843,0.543,6,-7.364,0.0317,0.174,3.87E-06,0.0968,0.826,116,254680,FALSE,Hey Stephen,Fearless (International Version),F# major
Taylor Swift,2008,0.587,0.342,0,-8.034,0.0257,0.298,0,0.106,0.212,92.71,233560,FALSE,White Horse,Fearless (International Version),C major
Taylor Swift,2008,0.688,0.775,6,-4.436,0.0381,0.151,1.98E-05,0.104,0.469,129.969,230506,FALSE,You Belong With Me,Fearless (International Version),F# major
Taylor Swift,2008,0.488,0.472,1,-7.39,0.0275,0.389,0,0.125,0.163,147.926,263720,FALSE,Breathe,Fearless (International Version),C# major
Taylor Swift,2008,0.606,0.848,7,-3.058,0.0374,0.0611,1.99E-06,0.374,0.476,99.999,200213,FALSE,Tell Me Why,Fearless (International Version),G major
Taylor Swift,2008,0.471,0.458,6,-4.137,0.027,0.145,2.39E-06,0.108,0.309,133.96,261800,FALSE,You're Not Sorry,Fearless (International Version),F# major
Taylor Swift,2008,0.434,0.723,5,-3.748,0.0335,0.0315,0,0.125,0.412,160.872,244626,FALSE,The Way I Loved You,Fearless (International Version),F major
Taylor Swift,2008,0.604,0.816,10,-5.002,0.0537,0.0788,0,0.164,0.55,128,225000,FALSE,Forever & Always,Fearless (International Version),A# major
Taylor Swift,2008,0.671,0.44,1,-8.561,0.0287,0.648,3.04E-06,0.141,0.368,126.059,245266,FALSE,The Best Day,Fearless (International Version),C# major
Taylor Swift,2008,0.545,0.747,5,-4.231,0.037,0.00465,0,0.115,0.214,96.017,278546,FALSE,Change,Fearless (International Version),F major
Taylor Swift,2008,0.516,0.696,2,-4.833,0.0301,0.00739,1.11E-06,0.354,0.664,177.936,199933,FALSE,Our Song - International Mix,Fearless (International Version),D major
Taylor Swift,2008,0.514,0.557,10,-6.307,0.0264,0.0178,0.00755,0.114,0.152,99.974,193640,FALSE,Teardrops On My Guitar - International Mix,Fearless (International Version),A# major
Taylor Swift,2008,0.398,0.761,4,-4.382,0.0377,0.00505,0.000437,0.234,0.454,168.092,245826,FALSE,Should've Said No - International Mix,Fearless (International Version),E minor
Taylor Swift,2008,0.741,0.444,2,-7.031,0.0311,0.659,0,0.131,0.512,119.006,221028,FALSE,Love Story - Live From Clear Channel Stripped 2008,Live From Clear Channel Stripped 2008,D major
Taylor Swift,2008,0.623,0.266,5,-5.894,0.026,0.814,0,0.145,0.467,96.601,198247,FALSE,Fearless - Live From Clear Channel Stripped 2008,Live From Clear Channel Stripped 2008,F major
Taylor Swift,2008,0.627,0.704,3,-3.739,0.0269,0.596,0,0.0598,0.457,98.958,176316,FALSE,Beautiful Eyes - Live From Clear Channel Stripped 2008,Live From Clear Channel Stripped 2008,D# major
Taylor Swift,2008,0.731,0.184,5,-9.235,0.0418,0.856,0,0.0927,0.331,102.404,222959,FALSE,Untouchable - Live From Clear Channel Stripped 2008,Live From Clear Channel Stripped 2008,F major
Taylor Swift,2008,0.344,0.801,10,-5.373,0.0574,0.664,0,0.106,0.615,204.489,196346,FALSE,Teardrops On My Guitar - Live From Clear Channel Stripped 2008,Live From Clear Channel Stripped 2008,A# major
Taylor Swift,2008,0.647,0.872,7,-1.953,0.0524,0.266,0,0.419,0.684,105.798,173899,FALSE,Picture To Burn - Live From Clear Channel Stripped 2008,Live From Clear Channel Stripped 2008,G major
Taylor Swift,2008,0.429,0.808,7,-3.004,0.0677,0.399,0,0.0884,0.438,171.537,228473,FALSE,Should've Said No - Live From Clear Channel Stripped 2008,Live From Clear Channel Stripped 2008,G major
Taylor Swift,2008,0.243,0.712,5,-4.307,0.0577,0.156,0,0.111,0.273,202.319,258487,FALSE,Change - Live From Clear Channel Stripped 2008,Live From Clear Channel Stripped 2008,F major
Taylor Swift,2006,0.58,0.491,0,-6.462,0.0251,0.575,0,0.121,0.425,76.009,232106,FALSE,Tim McGraw,Taylor Swift,C major
Taylor Swift,2006,0.658,0.877,7,-2.098,0.0323,0.173,0,0.0962,0.821,105.586,173066,FALSE,Picture To Burn,Taylor Swift,G major
Taylor Swift,2006,0.621,0.417,10,-6.941,0.0231,0.288,0,0.119,0.289,99.953,203040,FALSE,Teardrops On My Guitar - Radio Single Remix,Taylor Swift,A# major
Taylor Swift,2006,0.576,0.777,9,-2.881,0.0324,0.051,0,0.32,0.428,115.028,199200,FALSE,A Place in this World,Taylor Swift,A major
Taylor Swift,2006,0.418,0.482,5,-5.769,0.0266,0.217,0,0.123,0.261,175.558,239013,FALSE,Cold As You,Taylor Swift,F major
Taylor Swift,2006,0.589,0.805,5,-4.055,0.0293,0.00491,0,0.24,0.591,112.982,207106,FALSE,The Outside,Taylor Swift,F major
Taylor Swift,2006,0.479,0.578,2,-4.963,0.0294,0.525,0,0.0841,0.192,146.165,248106,FALSE,Tied Together with a Smile,Taylor Swift,D major
Taylor Swift,2006,0.594,0.629,8,-4.919,0.0246,0.0868,0,0.137,0.504,131.597,236053,FALSE,Stay Beautiful,Taylor Swift,G# major
Taylor Swift,2006,0.476,0.777,4,-3.771,0.0289,0.0103,0,0.196,0.472,167.964,242200,FALSE,Should've Said No,Taylor Swift,E minor
Taylor Swift,2006,0.403,0.627,2,-5.28,0.0292,0.0177,0,0.182,0.374,74.9,213080,FALSE,Mary's Song (Oh My My My),Taylor Swift,D major
Taylor Swift,2006,0.668,0.672,2,-4.931,0.0303,0.111,0,0.329,0.539,89.011,201106,FALSE,Our Song,Taylor Swift,D major
Taylor Swift,2006,0.563,0.934,8,-3.629,0.0646,0.00452,0.000807,0.103,0.518,143.964,213053,FALSE,I'm Only Me When I'm With You,Taylor Swift,G# major
Taylor Swift,2006,0.612,0.394,7,-5.723,0.0243,0.637,0,0.147,0.233,96.001,203226,FALSE,Invisible,Taylor Swift,G major
Taylor Swift,2006,0.483,0.751,4,-5.726,0.0365,0.00349,0,0.128,0.268,156.092,220146,FALSE,A Perfectly Good Heart,Taylor Swift,E major
Taylor Swift,2006,0.459,0.753,10,-3.827,0.0537,0.0402,0,0.0863,0.483,199.997,179066,FALSE,Teardrops on My Guitar - Pop Version,Taylor Swift,A# major