artist_name,album_title,album_release_date,track_name,track_popularity,danceability,energy,key,loudness,mode,speechiness,acousticness,instrumentalness,liveness,valence,tempo,duration_ms
BTS,2 Cool 4 Skool,12/06/13,Intro: 2 Cool 4 Skool,51,0.894,0.835,8,-6.249,1,0.245,0.179,0.266,0.179,0.532,94.871,63787
BTS,2 Cool 4 Skool,12/06/13,We Are Bulletproof Pt.2,65,0.753,0.95,8,-5.09,0,0.16,0.0104,6.32E-06,0.134,0.868,144.02,223933
BTS,2 Cool 4 Skool,12/06/13,Skit: Circle Room Talk,44,0.598,0.356,9,-18.009,1,0.802,0.912,0,0.913,0.817,121.045,131907
BTS,2 Cool 4 Skool,12/06/13,No More Dream,66,0.438,0.864,2,-5.185,1,0.47,0.0118,1.66E-06,0.431,0.594,167.898,222067
BTS,2 Cool 4 Skool,12/06/13,Interlude,51,0.914,0.276,1,-13.392,0,0.319,0.494,0.762,0.392,0.854,125.897,52440
BTS,2 Cool 4 Skool,12/06/13,Like,74,0.737,0.723,0,-4.165,0,0.0705,0.303,0,0.26,0.783,100.939,231893
BTS,2 Cool 4 Skool,12/06/13,Outro: Circle Room Cypher,47,0.688,0.515,7,-11.608,1,0.523,0.536,0,0.189,0.852,94.077,323640
BTS,"O!RUL8,2?",11/09/13,"Intro: O!RUL8,2?",51,0.455,0.9,7,-5.029,1,0.393,0.272,0,0.0945,0.188,150.14,70531
BTS,"O!RUL8,2?",11/09/13,N.O,60,0.595,0.914,11,-3.764,0,0.166,0.0389,0,0.457,0.572,146.89,209752
BTS,"O!RUL8,2?",11/09/13,We On,56,0.801,0.797,2,-4.319,0,0.163,0.0405,2.39E-06,0.115,0.801,97.009,230885
BTS,"O!RUL8,2?",11/09/13,Skit: R U Happy Now?,43,0.535,0.382,1,-18.76,1,0.645,0.852,0,0.311,0.609,86.969,148073
BTS,"O!RUL8,2?",11/09/13,If I Ruled the World,56,0.744,0.725,7,-6.29,1,0.112,0.0434,0,0.296,0.729,95.981,247450
BTS,"O!RUL8,2?",11/09/13,Coffee,65,0.656,0.798,0,-6.608,1,0.103,0.00862,0,0.321,0.573,92.031,260433
BTS,"O!RUL8,2?",11/09/13,BTS Cypher Pt.1,53,0.751,0.903,2,-5.413,1,0.354,0.539,0,0.343,0.858,96.548,131192
BTS,"O!RUL8,2?",11/09/13,Attack on Bangtan,61,0.72,0.962,11,-2.555,0,0.268,0.2,0,0.165,0.667,118.025,246526
BTS,"O!RUL8,2?",11/09/13,Paldogangsan,54,0.564,0.945,11,-3.11,0,0.243,0.0789,0,0.0873,0.871,105.018,205061
BTS,"O!RUL8,2?",11/09/13,Outro: Luv in Skool,55,0.693,0.392,5,-6.615,1,0.0439,0.0508,0,0.144,0.472,131.863,86045
BTS,Skool Luv Affair,12/02/14,Intro: Skool Luv Affair,53,0.587,0.82,4,-2.701,0,0.428,0.0601,0,0.0599,0.671,93.841,178282
BTS,Skool Luv Affair,12/02/14,Boy in Luv,68,0.491,0.947,0,-2.252,1,0.306,0.00261,0,0.34,0.474,166.236,230778
BTS,Skool Luv Affair,12/02/14,Skit: Soulmate,45,0.633,0.285,4,-15.35,1,0.841,0.898,0,0.905,0.749,124.219,92791
BTS,Skool Luv Affair,12/02/14,Where You From,55,0.654,0.867,7,-1.772,1,0.313,0.432,0,0.0745,0.919,85.078,240107
BTS,Skool Luv Affair,12/02/14,Just One Day,70,0.685,0.713,6,-4.705,0,0.266,0.179,0,0.377,0.301,95.092,239470
BTS,Skool Luv Affair,12/02/14,Tomorrow,61,0.399,0.887,1,-2.578,0,0.201,0.00946,0,0.281,0.627,128.119,261575
BTS,Skool Luv Affair,12/02/14,BTS Cypher Pt.2: Triptych,57,0.585,0.98,5,-0.826,1,0.37,0.127,0,0.692,0.837,141.945,288771
BTS,Skool Luv Affair,12/02/14,Spine Breaker,64,0.679,0.927,0,-1.058,1,0.15,0.164,0,0.437,0.861,93.989,238530
BTS,Skool Luv Affair,12/02/14,Jump,67,0.495,0.974,7,-0.947,0,0.282,0.0349,0,0.44,0.763,102.077,236489
BTS,Skool Luv Affair,12/02/14,Outro: Propose,56,0.397,0.847,2,-2.488,1,0.159,0.467,0,0.205,0.514,173.733,122514
BTS,Skool Luv Affair (Special Addition),14/05/14,Miss Right,59,0.718,0.835,1,-4.925,1,0.213,0.371,0,0.0764,0.855,92.97,241375
BTS,Skool Luv Affair (Special Addition),14/05/14,Like - Slow Jam Remix,52,0.532,0.673,10,-5.401,1,0.185,0.336,0,0.159,0.653,99.712,232692
BTS,Skool Luv Affair (Special Addition),14/05/14,Intro: Skool Luv Affair,38,0.587,0.82,4,-2.701,0,0.428,0.0601,0,0.0599,0.671,93.841,178282
BTS,Skool Luv Affair (Special Addition),14/05/14,Boy in Luv,47,0.491,0.947,0,-2.252,1,0.306,0.00261,0,0.34,0.474,166.236,230778
BTS,Skool Luv Affair (Special Addition),14/05/14,Skit: Soulmate,36,0.633,0.285,4,-15.35,1,0.841,0.898,0,0.905,0.749,124.219,92791
BTS,Skool Luv Affair (Special Addition),14/05/14,Where You From,40,0.654,0.867,7,-1.772,1,0.313,0.432,0,0.0745,0.919,85.078,240107
BTS,Skool Luv Affair (Special Addition),14/05/14,Just One Day,48,0.685,0.713,6,-4.705,0,0.266,0.179,0,0.377,0.301,95.092,239470
BTS,Skool Luv Affair (Special Addition),14/05/14,Tomorrow,42,0.399,0.887,1,-2.578,0,0.201,0.00946,0,0.281,0.627,128.119,261575
BTS,Skool Luv Affair (Special Addition),14/05/14,BTS Cypher Pt.2: Triptych,40,0.585,0.98,5,-0.826,1,0.37,0.127,0,0.692,0.837,141.945,288771
BTS,Skool Luv Affair (Special Addition),14/05/14,Spine Breaker,44,0.679,0.927,0,-1.058,1,0.15,0.164,0,0.437,0.861,93.989,238530
BTS,Skool Luv Affair (Special Addition),14/05/14,Jump,44,0.495,0.974,7,-0.947,0,0.282,0.0349,0,0.44,0.763,102.077,236489
BTS,Skool Luv Affair (Special Addition),14/05/14,Outro: Propose,43,0.397,0.847,2,-2.488,1,0.159,0.467,0,0.205,0.514,173.733,122514
BTS,Dark & Wild,20/08/14,Intro: What Am I to You,56,0.475,0.899,0,-2.228,1,0.292,0.426,0,0.366,0.568,83.821,165121
BTS,Dark & Wild,20/08/14,Danger,68,0.738,0.868,1,-3.363,1,0.0702,0.000907,0.000209,0.275,0.377,111.991,245140
BTS,Dark & Wild,20/08/14,War of Hormone,64,0.612,0.993,9,-1.895,1,0.24,0.116,0,0.307,0.488,98.004,265602
BTS,Dark & Wild,20/08/14,Hip Hop Phile,59,0.796,0.878,1,-3.325,1,0.185,0.171,0,0.234,0.795,144,257301
BTS,Dark & Wild,20/08/14,Let Me Know,60,0.61,0.829,11,-4.84,0,0.0847,0.0111,0,0.0961,0.156,136.102,254973
BTS,Dark & Wild,20/08/14,Rain,62,0.703,0.851,1,-4.918,0,0.144,0.031,0,0.354,0.315,89.958,264667
BTS,Dark & Wild,20/08/14,BTS Cypher Pt.3: Killer,62,0.793,0.924,4,-3.017,0,0.321,0.0217,0,0.644,0.665,140.031,267783
BTS,Dark & Wild,20/08/14,Interlude: What Are You Doing Now,56,0.783,0.683,4,-5.195,1,0.0895,0.0532,0.772,0.0529,0.55,82.996,41757
BTS,Dark & Wild,20/08/14,Could You Turn off Your Cell Phone,57,0.459,0.856,6,-4.383,0,0.232,0.152,0,0.08,0.917,97.027,234063
BTS,Dark & Wild,20/08/14,Embarrassed,59,0.556,0.897,2,-3.019,1,0.282,0.181,0,0.379,0.551,84.604,241762
BTS,Dark & Wild,20/08/14,24/7=Heaven,59,0.642,0.903,2,-2.976,1,0.117,0.0635,0,0.33,0.573,96.068,226425
BTS,Dark & Wild,20/08/14,Look Here,63,0.863,0.854,4,-4.564,0,0.0893,0.0418,0.00152,0.0551,0.784,119.996,218887
BTS,Dark & Wild,20/08/14,So 4 more,60,0.676,0.925,8,-2.451,1,0.111,0.00405,6.31E-06,0.279,0.798,163.952,235020
BTS,Dark & Wild,20/08/14,Outro: Do You Think It Makes Sense?,58,0.634,0.815,1,-4.324,1,0.0409,0.0714,0,0.146,0.553,103.041,172658
BTS,The Most Beautiful Moment in Life Pt.1,29/04/15,Intro: The Most Beautiful Moment in Life,53,0.36,0.97,0,-4.422,0,0.535,0.236,0,0.074,0.257,87.12,123033
BTS,The Most Beautiful Moment in Life Pt.1,29/04/15,I Need U,70,0.478,0.88,5,-3.097,0,0.0739,0.0213,0,0.24,0.707,158.356,210987
BTS,The Most Beautiful Moment in Life Pt.1,29/04/15,Hold Me Tight,65,0.622,0.728,6,-5.111,1,0.286,0.0511,0,0.171,0.394,139.994,274992
BTS,The Most Beautiful Moment in Life Pt.1,29/04/15,Skit: Expectation!,42,0.635,0.167,9,-21.117,0,0.665,0.893,0,0.501,0.712,100.544,147694
BTS,The Most Beautiful Moment in Life Pt.1,29/04/15,Dope,71,0.595,0.89,10,-3.109,0,0.245,0.0486,0,0.32,0.62,154.071,240021
BTS,The Most Beautiful Moment in Life Pt.1,29/04/15,Boyz with Fun,66,0.704,0.96,1,-2.606,0,0.192,0.0808,0,0.383,0.751,116.024,244156
BTS,The Most Beautiful Moment in Life Pt.1,29/04/15,Converse High,62,0.724,0.793,1,-3.982,1,0.0895,0.0597,0,0.201,0.817,98.003,209715
BTS,The Most Beautiful Moment in Life Pt.1,29/04/15,Moving On,58,0.684,0.914,0,-3.199,1,0.204,0.0128,0,0.0543,0.929,159.996,292569
BTS,The Most Beautiful Moment in Life Pt.1,29/04/15,Outro: Love Is Not Over,56,0.719,0.335,2,-8.085,1,0.06,0.632,0,0.131,0.218,105.062,143863
BTS,The Most Beautiful Moment in Life Pt.2,30/11/15,Intro: Never Mind,54,0.339,0.949,6,-4.942,0,0.904,0.00765,0,0.329,0.397,79.956,136428
BTS,The Most Beautiful Moment in Life Pt.2,30/11/15,Run,68,0.554,0.878,11,-3.02,0,0.0513,0.00146,0,0.0998,0.55,132.896,236748
BTS,The Most Beautiful Moment in Life Pt.2,30/11/15,Butterfly,70,0.461,0.776,6,-4.498,1,0.0565,0.0149,0,0.12,0.291,149.985,238862
BTS,The Most Beautiful Moment in Life Pt.2,30/11/15,Whalien 52,61,0.585,0.93,10,-2.707,0,0.241,0.0992,2.54E-06,0.345,0.735,90.03,243222
BTS,The Most Beautiful Moment in Life Pt.2,30/11/15,Ma City,61,0.668,0.967,6,-2.192,0,0.0957,0.000266,0,0.0777,0.807,122.007,256687
BTS,The Most Beautiful Moment in Life Pt.2,30/11/15,Silver Spoon,72,0.65,0.879,9,-2.886,1,0.073,0.00104,0,0.0483,0.536,166.895,233160
BTS,The Most Beautiful Moment in Life Pt.2,30/11/15,Skit: One Night in a Strange City,42,0.575,0.499,3,-11.552,1,0.936,0.772,0,0.42,0.667,160.296,263130
BTS,The Most Beautiful Moment in Life Pt.2,30/11/15,Autumn Leaves,64,0.619,0.804,10,-3.301,0,0.0424,0.0135,0,0.127,0.314,104.978,267151
BTS,The Most Beautiful Moment in Life Pt.2,30/11/15,Outro: House of Cards,57,0.37,0.652,2,-4.717,1,0.0402,0.4,0,0.129,0.265,104.162,177414
BTS,The Most Beautiful Moment in Life: Young Forever,02/05/16,Intro: The Most Beautiful Moment in Life,44,0.494,0.97,7,-3.513,0,0.444,0.205,0,0.0692,0.23,92.56,124739
BTS,The Most Beautiful Moment in Life: Young Forever,02/05/16,I Need U,54,0.485,0.897,5,-2.383,0,0.0678,0.0184,0,0.296,0.649,78.851,210577
BTS,The Most Beautiful Moment in Life: Young Forever,02/05/16,Hold Me Tight,48,0.64,0.799,6,-4.673,1,0.262,0.0155,4.40E-06,0.218,0.376,139.962,273992
BTS,The Most Beautiful Moment in Life: Young Forever,02/05/16,Autumn Leaves,47,0.625,0.799,10,-3.54,0,0.0427,0.0108,0,0.144,0.316,105.007,267151
BTS,The Most Beautiful Moment in Life: Young Forever,02/05/16,Butterfly - Prologue Mix,56,0.373,0.541,1,-6.451,1,0.0526,0.0446,0.001,0.0909,0.134,69.98,295128
BTS,The Most Beautiful Moment in Life: Young Forever,02/05/16,Run,51,0.577,0.878,6,-2.935,0,0.0442,0.00164,0,0.0892,0.514,132.943,236334
BTS,The Most Beautiful Moment in Life: Young Forever,02/05/16,Ma City,47,0.678,0.97,6,-2.155,0,0.0989,0.000264,0,0.0548,0.783,122.017,256840
BTS,The Most Beautiful Moment in Life: Young Forever,02/05/16,Silver Spoon,53,0.649,0.875,9,-2.88,1,0.0702,0.00128,0,0.0486,0.557,166.925,233185
BTS,The Most Beautiful Moment in Life: Young Forever,02/05/16,Dope,54,0.579,0.896,10,-2.781,0,0.225,0.0272,1.02E-06,0.352,0.678,153.991,240021
BTS,The Most Beautiful Moment in Life: Young Forever,02/05/16,Burning Up (Fire),72,0.626,0.706,10,-3.201,0,0.0596,0.00225,0,0.122,0.534,99.939,203352
BTS,The Most Beautiful Moment in Life: Young Forever,02/05/16,Save Me,71,0.613,0.822,1,-3.48,1,0.062,0.0269,0,0.0783,0.54,139.936,196506
BTS,The Most Beautiful Moment in Life: Young Forever,02/05/16,Epilogue: Young Forever,66,0.606,0.815,5,-3.818,0,0.232,0.04,0,0.119,0.386,88.054,171803
BTS,The Most Beautiful Moment in Life: Young Forever,02/05/16,Converse High,47,0.72,0.803,1,-3.67,1,0.0963,0.0245,0,0.2,0.804,97.999,210222
BTS,The Most Beautiful Moment in Life: Young Forever,02/05/16,Moving On,44,0.68,0.926,0,-2.551,1,0.162,0.00223,1.03E-05,0.0905,0.936,159.959,292519
BTS,The Most Beautiful Moment in Life: Young Forever,02/05/16,Whalien 52,45,0.572,0.937,10,-2.569,0,0.28,0.0866,1.55E-05,0.342,0.771,90.021,243553
BTS,The Most Beautiful Moment in Life: Young Forever,02/05/16,Butterfly,47,0.439,0.747,6,-4.583,1,0.0535,0.0107,0,0.101,0.275,149.786,240091
BTS,The Most Beautiful Moment in Life: Young Forever,02/05/16,House of Cards - Full Length Edition,68,0.367,0.668,2,-4.484,0,0.052,0.336,0,0.147,0.384,104.961,226212
BTS,The Most Beautiful Moment in Life: Young Forever,02/05/16,Love Is Not Over - Full Length Edition,60,0.462,0.576,2,-5.089,1,0.0831,0.124,0,0.127,0.278,102.972,221620
BTS,The Most Beautiful Moment in Life: Young Forever,02/05/16,I Need U - Urban Mix,51,0.56,0.814,5,-3.603,0,0.0688,0.108,0,0.188,0.532,74.01,215189
BTS,The Most Beautiful Moment in Life: Young Forever,02/05/16,I Need U - Remix,46,0.519,0.918,5,-2.838,0,0.208,0.00258,3.55E-06,0.448,0.49,158.052,223013
BTS,The Most Beautiful Moment in Life: Young Forever,02/05/16,Run - Ballad Mix,52,0.568,0.775,6,-3.188,0,0.0361,0.0311,0,0.379,0.595,128.019,257000
BTS,The Most Beautiful Moment in Life: Young Forever,02/05/16,Run - Alternative Mix,46,0.595,0.87,6,-3.086,0,0.0321,0.000183,3.94E-05,0.371,0.586,132.99,236437
BTS,The Most Beautiful Moment in Life: Young Forever,02/05/16,Butterfly - Alternative Mix,47,0.345,0.717,6,-4.6,1,0.0479,0.00633,0,0.149,0.209,149.541,241144
BTS,Wings,10/10/16,Intro: Boy Meets Evil,62,0.573,0.89,5,-3.53,0,0.214,0.0212,0,0.132,0.242,130.251,121771
BTS,Wings,10/10/16,Blood Sweat & Tears,75,0.584,0.885,0,-3.571,0,0.104,0.0244,0,0.357,0.605,92.9,217052
BTS,Wings,10/10/16,Begin,66,0.566,0.842,9,-5.222,0,0.0442,0.00357,0.000253,0.141,0.308,131.05,229740
BTS,Wings,10/10/16,Lie,71,0.541,0.779,6,-5.581,0,0.033,0.00338,0,0.177,0.501,94.069,215753
BTS,Wings,10/10/16,Stigma,67,0.566,0.475,0,-5.556,0,0.089,0.148,0,0.139,0.335,136.442,216063
BTS,Wings,10/10/16,First Love,59,0.545,0.74,8,-5.997,0,0.308,0.364,0,0.164,0.671,86.842,189795
BTS,Wings,10/10/16,Reflection,57,0.555,0.607,2,-7.991,1,0.085,0.0135,1.59E-06,0.2,0.273,73.997,233917
BTS,Wings,10/10/16,MAMA,59,0.543,0.739,5,-4.818,0,0.232,0.000226,2.14E-05,0.0816,0.466,185.832,212275
BTS,Wings,10/10/16,Awake,66,0.35,0.498,3,-6.589,1,0.0332,0.023,1.99E-06,0.269,0.34,142.803,226161
BTS,Wings,10/10/16,Lost,63,0.547,0.838,9,-4.157,0,0.0544,0.000374,0,0.0562,0.47,85.018,241787
BTS,Wings,10/10/16,BTS Cypher 4,67,0.817,0.797,1,-4.395,0,0.0839,0.00533,7.77E-06,0.0551,0.361,119.978,294463
BTS,Wings,10/10/16,Am I Wrong,59,0.76,0.834,6,-4.992,1,0.0494,0.00125,1.07E-05,0.0868,0.679,107.988,213082
BTS,Wings,10/10/16,21st Century Girl,67,0.716,0.906,2,-3.539,1,0.0719,0.00424,0,0.0547,0.763,101.029,192597
BTS,Wings,10/10/16,2! 3!,64,0.442,0.928,7,-4.096,1,0.207,0.0257,0,0.1,0.601,169.847,272537
BTS,Wings,10/10/16,Interlude: Wings,59,0.638,0.851,11,-3.042,0,0.0663,0.0102,0,0.114,0.6,124.992,144314
BTS,You Never Walk Alone,13/02/17,Intro: Boy Meets Evil,49,0.573,0.89,5,-3.53,0,0.214,0.0212,0,0.132,0.242,130.251,121771
BTS,You Never Walk Alone,13/02/17,Blood Sweat & Tears,53,0.584,0.885,0,-3.571,0,0.104,0.0244,0,0.357,0.605,92.9,217052
BTS,You Never Walk Alone,13/02/17,Begin,46,0.566,0.842,9,-5.222,0,0.0442,0.00357,0.000253,0.141,0.308,131.05,229740
BTS,You Never Walk Alone,13/02/17,Lie,50,0.541,0.779,6,-5.581,0,0.033,0.00338,0,0.177,0.501,94.069,215753
BTS,You Never Walk Alone,13/02/17,Stigma,50,0.566,0.475,0,-5.556,0,0.089,0.148,0,0.139,0.335,136.442,216063
BTS,You Never Walk Alone,13/02/17,First Love,44,0.545,0.74,8,-5.997,0,0.308,0.364,0,0.164,0.671,86.842,189795
BTS,You Never Walk Alone,13/02/17,Reflection,43,0.555,0.607,2,-7.991,1,0.085,0.0135,1.59E-06,0.2,0.273,73.997,233917
BTS,You Never Walk Alone,13/02/17,MAMA,44,0.543,0.739,5,-4.818,0,0.232,0.000226,2.14E-05,0.0816,0.466,185.832,212275
BTS,You Never Walk Alone,13/02/17,Awake,47,0.35,0.498,3,-6.589,1,0.0332,0.023,1.99E-06,0.269,0.34,142.803,226161
BTS,You Never Walk Alone,13/02/17,Lost,46,0.547,0.838,9,-4.157,0,0.0544,0.000374,0,0.0562,0.47,85.018,241787
BTS,You Never Walk Alone,13/02/17,BTS Cypher 4,45,0.817,0.797,1,-4.395,0,0.0839,0.00533,7.77E-06,0.0551,0.361,119.978,294463
BTS,You Never Walk Alone,13/02/17,Am I Wrong,43,0.76,0.834,6,-4.992,1,0.0494,0.00125,1.07E-05,0.0868,0.679,107.988,213082
BTS,You Never Walk Alone,13/02/17,21st Century Girl,45,0.716,0.906,2,-3.539,1,0.0719,0.00424,0,0.0547,0.763,101.029,192597
BTS,You Never Walk Alone,13/02/17,2! 3!,46,0.442,0.928,7,-4.096,1,0.207,0.0257,0,0.1,0.601,169.847,272537
BTS,You Never Walk Alone,13/02/17,Spring Day,75,0.539,0.846,8,-3.192,1,0.0354,0.00631,1.71E-06,0.13,0.462,106.994,274097
BTS,You Never Walk Alone,13/02/17,Not Today,70,0.593,0.945,8,-3.408,1,0.126,0.00174,0,0.923,0.674,110.023,231860
BTS,You Never Walk Alone,13/02/17,Outro: Wings,69,0.651,0.903,11,-3.117,0,0.129,0.00503,0,0.0875,0.658,125.032,225447
BTS,You Never Walk Alone,13/02/17,A Supplementary Story: You Never Walk Alone,60,0.696,0.903,8,-4.788,1,0.151,0.00596,0,0.0668,0.59,127.994,156061
BTS,Love Yourself _ 'Her',18/09/17,Intro: Serendipity,66,0.477,0.581,8,-8.795,1,0.119,0.523,0,0.201,0.282,129.571,139972
BTS,Love Yourself _ 'Her',18/09/17,DNA,75,0.599,0.775,1,-4.018,0,0.0543,0.0217,0,0.0678,0.696,129.817,223123
BTS,Love Yourself _ 'Her',18/09/17,Best Of Me,70,0.655,0.756,8,-4.388,1,0.07,0.0298,0,0.396,0.469,121.936,227191
BTS,Love Yourself _ 'Her',18/09/17,dimple,72,0.612,0.844,5,-4.694,0,0.0757,0.14,0,0.289,0.652,134.872,196776
BTS,Love Yourself _ 'Her',18/09/17,Pied Piper,75,0.583,0.712,2,-4.942,0,0.0326,0.2,0,0.268,0.778,94.051,245621
BTS,Love Yourself _ 'Her',18/09/17,Skit: Billboard Music Awards Speech,49,0.315,0.694,3,-15.389,1,0.398,0.38,0.000203,0.66,0.327,90.586,107062
BTS,Love Yourself _ 'Her',18/09/17,MIC Drop,67,0.667,0.889,6,-4.851,1,0.0917,0.00912,0,0.0816,0.541,169.961,238193
BTS,Love Yourself _ 'Her',18/09/17,Go Go,72,0.856,0.617,10,-5.308,0,0.084,0.171,0,0.0857,0.759,136.081,235780
BTS,Love Yourself _ 'Her',18/09/17,Outro: Her,60,0.48,0.927,3,-5.704,1,0.27,0.317,0,0.0583,0.45,88.804,228613
BTS,Love Yourself 杞 'Tear',18/05/18,Intro: Singularity,69,0.775,0.272,1,-9.126,0,0.091,0.56,0.00278,0.112,0.198,103.991,196998
BTS,Love Yourself 杞 'Tear',18/05/18,FAKE LOVE,77,0.557,0.719,2,-4.515,0,0.0371,0.00267,0,0.306,0.345,77.502,242334
BTS,Love Yourself 杞 'Tear',18/05/18,The Truth Untold (feat. Steve Aoki),72,0.571,0.422,1,-7.561,0,0.0422,0.374,0,0.127,0.169,113.016,242293
BTS,Love Yourself 杞 'Tear',18/05/18,134340,67,0.665,0.687,11,-6.466,0,0.0547,0.155,9.28E-05,0.173,0.651,106.023,230063
BTS,Love Yourself 杞 'Tear',18/05/18,Paradise,67,0.551,0.828,5,-5.523,1,0.352,0.214,0,0.0571,0.928,139.662,211224
BTS,Love Yourself 杞 'Tear',18/05/18,Love Maze,72,0.637,0.876,9,-4.652,1,0.0618,0.0483,0,0.0728,0.759,149.93,221529
BTS,Love Yourself 杞 'Tear',18/05/18,Magic Shop,73,0.531,0.661,1,-5.836,1,0.0907,0.103,0,0.0779,0.278,149.934,275696
BTS,Love Yourself 杞 'Tear',18/05/18,Airplane pt.2,73,0.77,0.817,0,-4.092,0,0.0339,0.0265,0.000103,0.084,0.866,139.979,218615
BTS,Love Yourself 杞 'Tear',18/05/18,Anpanman,72,0.813,0.876,1,-2.92,0,0.0922,0.024,0,0.287,0.757,98.989,232966
BTS,Love Yourself 杞 'Tear',18/05/18,So What,70,0.657,0.883,9,-4.294,0,0.0733,0.0238,0,0.0481,0.461,129.943,281521
BTS,Love Yourself 杞 'Tear',18/05/18,Outro: Tear,65,0.711,0.903,6,-2.723,0,0.246,0.327,0,0.0887,0.469,140.02,284981
BTS,Love Yourself 绲 'Answer',24/08/18,Euphoria,78,0.637,0.799,2,-4.518,1,0.0338,0.394,0,0.0921,0.57,104.996,228615
BTS,Love Yourself 绲 'Answer',24/08/18,Trivia : Just Dance,64,0.723,0.906,1,-4.777,0,0.281,0.0929,0,0.0771,0.393,125.023,225221
BTS,Love Yourself 绲 'Answer',24/08/18,Serendipity - Full Length Edition,73,0.422,0.578,8,-7.524,1,0.0548,0.443,0,0.231,0.227,128.921,276708
BTS,Love Yourself 绲 'Answer',24/08/18,DNA,59,0.599,0.775,1,-3.997,0,0.0542,0.022,0,0.0669,0.703,129.817,223123
BTS,Love Yourself 绲 'Answer',24/08/18,Dimple,59,0.612,0.844,5,-4.694,0,0.0757,0.14,0,0.289,0.652,134.872,196776
BTS,Love Yourself 绲 'Answer',24/08/18,Trivia _ : Love,64,0.761,0.761,5,-5.721,0,0.0899,0.242,0,0.103,0.484,121.971,225698
BTS,Love Yourself 绲 'Answer',24/08/18,Her,53,0.48,0.927,3,-5.704,1,0.27,0.317,0,0.0583,0.45,88.804,228613
BTS,Love Yourself 绲 'Answer',24/08/18,Singularity,60,0.775,0.272,1,-9.126,0,0.091,0.56,0.00278,0.112,0.198,103.991,196998
BTS,Love Yourself 绲 'Answer',24/08/18,FAKE LOVE,58,0.557,0.719,2,-4.515,0,0.0371,0.00267,0,0.306,0.345,77.502,242334
BTS,Love Yourself 绲 'Answer',24/08/18,The Truth Untold,57,0.571,0.422,1,-7.561,0,0.0422,0.374,0,0.127,0.169,113.016,242293
BTS,Love Yourself 绲 'Answer',24/08/18,Trivia : Seesaw,70,0.707,0.791,5,-4.483,0,0.035,0.179,0,0.102,0.674,106.985,246334
BTS,Love Yourself 绲 'Answer',24/08/18,Tear,53,0.711,0.903,6,-2.723,0,0.246,0.327,0,0.0887,0.469,140.02,284981
BTS,Love Yourself 绲 'Answer',24/08/18,Epiphany,72,0.508,0.559,2,-6.366,0,0.0276,0.288,0,0.131,0.329,135.866,240362
BTS,Love Yourself 绲 'Answer',24/08/18,I'm Fine,69,0.511,0.84,11,-2.781,0,0.103,0.00852,0,0.346,0.303,87.605,240339
BTS,Love Yourself 绲 'Answer',24/08/18,IDOL,75,0.733,0.855,9,-3.211,1,0.118,0.00481,0,0.123,0.42,126.035,222732
BTS,Love Yourself 绲 'Answer',24/08/18,Answer : Love Myself,70,0.568,0.793,1,-3.749,1,0.0406,0.189,0,0.111,0.45,108.051,251280
BTS,Love Yourself 绲 'Answer',24/08/18,Magic Shop,58,0.531,0.661,1,-5.836,1,0.0907,0.103,0,0.0779,0.278,149.934,275696
BTS,Love Yourself 绲 'Answer',24/08/18,Best Of Me,54,0.655,0.756,8,-4.388,1,0.07,0.0298,0,0.396,0.469,121.936,227191
BTS,Love Yourself 绲 'Answer',24/08/18,Airplane pt.2,56,0.77,0.817,0,-4.092,0,0.0339,0.0265,0.000103,0.084,0.866,139.979,218615
BTS,Love Yourself 绲 'Answer',24/08/18,Go Go,57,0.856,0.617,10,-5.308,0,0.084,0.171,0,0.0857,0.759,136.081,235780
BTS,Love Yourself 绲 'Answer',24/08/18,Anpanman,56,0.813,0.876,1,-2.92,0,0.0922,0.024,0,0.287,0.757,98.989,232966
BTS,Love Yourself 绲 'Answer',24/08/18,MIC Drop,55,0.667,0.889,6,-4.851,1,0.0917,0.00912,0,0.0816,0.541,169.961,238193
BTS,Love Yourself 绲 'Answer',24/08/18,DNA - Pedal 2 LA Mix,53,0.487,0.956,1,-3.44,0,0.134,0.0352,0,0.301,0.482,129.966,247483
BTS,Love Yourself 绲 'Answer',24/08/18,FAKE LOVE - Rocking Vibe Mix,58,0.466,0.804,2,-4.009,0,0.0392,0.0573,0,0.432,0.352,154.901,238494
BTS,Love Yourself 绲 'Answer',24/08/18,MIC Drop (Steve Aoki Remix) - Full Length Edition,73,0.606,0.85,11,-3.952,1,0.183,0.0114,1.01E-06,0.206,0.542,170.01,307676
BTS,MAP OF THE SOUL : PERSONA,12/04/19,Intro : Persona,64,0.486,0.871,9,-4.475,0,0.337,0.0278,0,0.313,0.659,85.411,171023
BTS,MAP OF THE SOUL : PERSONA,12/04/19,Boy With Luv (feat. Halsey),81,0.645,0.862,11,-4.761,0,0.0845,0.0933,0,0.193,0.803,119.947,229773
BTS,MAP OF THE SOUL : PERSONA,12/04/19,Mikrokosmos,73,0.579,0.858,8,-5.212,1,0.114,0.125,0,0.0502,0.475,174.043,224225
BTS,MAP OF THE SOUL : PERSONA,12/04/19,Make It Right,71,0.639,0.706,7,-7.874,1,0.448,0.0104,0,0.132,0.259,105.782,226321
BTS,MAP OF THE SOUL : PERSONA,12/04/19,HOME,75,0.633,0.799,7,-4.625,0,0.0427,0.0144,0,0.194,0.534,142.991,234178
BTS,MAP OF THE SOUL : PERSONA,12/04/19,Jamais Vu,68,0.608,0.47,8,-6.73,1,0.0428,0.226,0,0.0963,0.241,81,227275
BTS,MAP OF THE SOUL : PERSONA,12/04/19,Dionysus,70,0.502,0.91,7,-2.769,1,0.107,0.04,0,0.319,0.588,176.084,249215
BTS,MAP OF THE SOUL : 7,21/02/20,Intro : Persona,52,0.486,0.871,9,-4.475,0,0.337,0.0278,0,0.313,0.659,85.411,171023
BTS,MAP OF THE SOUL : 7,21/02/20,Boy With Luv (Feat. Halsey),59,0.645,0.862,11,-4.761,0,0.0845,0.0933,0,0.193,0.803,119.947,229773
BTS,MAP OF THE SOUL : 7,21/02/20,Make It Right,56,0.639,0.706,7,-7.874,1,0.448,0.0104,0,0.132,0.259,105.782,226321
BTS,MAP OF THE SOUL : 7,21/02/20,Jamais Vu,54,0.608,0.47,8,-6.73,1,0.0428,0.226,0,0.0963,0.241,81,227275
BTS,MAP OF THE SOUL : 7,21/02/20,Dionysus,56,0.502,0.91,7,-2.769,1,0.107,0.04,0,0.319,0.588,176.084,249215
BTS,MAP OF THE SOUL : 7,21/02/20,Interlude : Shadow,67,0.384,0.798,9,-6.439,0,0.434,0.115,0,0.181,0.146,149.854,259821
BTS,MAP OF THE SOUL : 7,21/02/20,Black Swan,75,0.719,0.757,2,-5.167,0,0.0849,0.137,0,0.129,0.489,147.024,198261
BTS,MAP OF THE SOUL : 7,21/02/20,Filter,78,0.779,0.762,10,-5.188,0,0.0631,0.0224,0,0.121,0.859,110.043,180221
BTS,MAP OF THE SOUL : 7,21/02/20,My Time,73,0.674,0.641,0,-5.139,0,0.0339,0.149,0,0.0925,0.664,99.91,234458
BTS,MAP OF THE SOUL : 7,21/02/20,Louder than bombs,71,0.643,0.667,0,-6.947,0,0.151,0.0432,0,0.0904,0.478,145.999,217404
BTS,MAP OF THE SOUL : 7,21/02/20,ON,76,0.583,0.817,9,-5.146,0,0.099,0.118,0,0.338,0.437,105.935,246381
BTS,MAP OF THE SOUL : 7,21/02/20,UGH!,69,0.72,0.824,10,-5.086,0,0.128,0.0394,0,0.0509,0.333,165.996,225012
BTS,MAP OF THE SOUL : 7,21/02/20,00:00 (Zero O__lock),72,0.56,0.547,1,-6.456,1,0.0675,0.0806,0,0.11,0.199,157.962,250296
BTS,MAP OF THE SOUL : 7,21/02/20,Inner Child,70,0.589,0.696,11,-7.981,1,0.0725,0.017,0,0.0808,0.33,134.953,233266
BTS,MAP OF THE SOUL : 7,21/02/20,Friends,73,0.55,0.747,1,-5.211,1,0.0407,0.0668,0,0.0536,0.649,79.979,199339
BTS,MAP OF THE SOUL : 7,21/02/20,Moon,71,0.704,0.646,6,-6.658,1,0.0596,0.0104,0,0.191,0.64,141.87,208590
BTS,MAP OF THE SOUL : 7,21/02/20,Respect,64,0.661,0.838,0,-4.806,1,0.116,0.00491,0,0.287,0.526,91.463,237540
BTS,MAP OF THE SOUL : 7,21/02/20,We are Bulletproof : the Eternal,72,0.522,0.574,9,-5.225,0,0.0317,0.224,0,0.108,0.176,84.044,261543
BTS,MAP OF THE SOUL : 7,21/02/20,Outro : Ego,68,0.808,0.903,0,-3.106,1,0.0957,0.0121,0.000248,0.0993,0.473,116.988,196199
BTS,MAP OF THE SOUL : 7,21/02/20,ON (Feat. Sia),61,0.591,0.848,9,-4.396,0,0.0828,0.137,0,0.372,0.385,105.924,246816
BTS,BE,20/11/20,Life Goes On,79,0.566,0.716,1,-5.733,1,0.0424,0.00691,0,0.37,0.45,81.068,207481
BTS,BE,20/11/20,Fly To My Room,70,0.764,0.526,11,-7.355,1,0.212,0.0484,0,0.0718,0.588,114.91,222243
BTS,BE,20/11/20,Blue & Grey,74,0.547,0.605,8,-6.755,1,0.0415,0.42,0,0.125,0.364,121.953,254950
BTS,BE,20/11/20,Skit,53,0.703,0.321,4,-13.135,1,0.884,0.864,0,0.908,0.544,114.822,179548
BTS,BE,20/11/20,Telepathy,73,0.787,0.669,5,-4.333,0,0.0428,0.00782,0,0.123,0.57,104.994,202313
BTS,BE,20/11/20,Dis-ease,71,0.731,0.845,8,-5.352,1,0.132,0.0132,0,0.0782,0.484,101.085,239722
BTS,BE,20/11/20,Stay,71,0.582,0.693,6,-5.048,1,0.0465,0.114,0,0.13,0.341,125.904,204800
BTS,BE,20/11/20,Dynamite,85,0.746,0.765,6,-4.41,0,0.0993,0.0112,0,0.0936,0.737,114.044,199054
BTS,Dynamite (DayTime Version),28/08/20,Dynamite,59,0.746,0.765,6,-4.41,0,0.0993,0.0112,0,0.0936,0.737,114.044,199054
BTS,Dynamite (DayTime Version),28/08/20,Dynamite - Instrumental,44,0.861,0.658,11,-6.966,1,0.05,0.00903,0.803,0.0443,0.625,114,198770
BTS,Dynamite (DayTime Version),28/08/20,Dynamite - Acoustic Remix,49,0.656,0.889,1,-5.136,0,0.203,0.0228,7.56E-06,0.366,0.575,113.943,197994
BTS,Dynamite (DayTime Version),28/08/20,Dynamite - EDM Remix,45,0.707,0.838,1,-4.732,0,0.0599,0.0019,0.444,0.0961,0.318,122.985,198939
BTS,Dynamite (DayTime Version),28/08/20,Dynamite - Tropical Remix,52,0.729,0.896,1,-3.308,0,0.0667,0.0295,1.52E-06,0.234,0.62,114.035,197101
BTS,Dynamite (DayTime Version),28/08/20,Dynamite - Poolside Remix,43,0.686,0.877,1,-4.854,0,0.143,0.0089,0.000869,0.208,0.406,123.91,182592
BTS,Dynamite (NightTime Version),18/09/20,Dynamite,60,0.746,0.765,6,-4.41,0,0.0993,0.0112,0,0.0936,0.737,114.044,199054
BTS,Dynamite (NightTime Version),18/09/20,Dynamite - Instrumental,29,0.861,0.658,11,-6.966,1,0.05,0.00903,0.803,0.0443,0.625,114,198770
BTS,Dynamite (NightTime Version),18/09/20,Dynamite - Slow Jam Remix,45,0.653,0.683,4,-3.82,1,0.0398,0.36,1.00E-06,0.324,0.534,113.977,199690
BTS,Dynamite (NightTime Version),18/09/20,Dynamite - Midnight Remix,40,0.782,0.795,4,-4.167,1,0.122,0.0689,0,0.109,0.402,114.036,196509
BTS,Dynamite (NightTime Version),18/09/20,Dynamite - Retro Remix,42,0.647,0.915,4,-2.031,1,0.148,0.0659,0,0.327,0.776,113.936,208404
BTS,Dynamite (NightTime Version),18/09/20,Dynamite - Bedroom Remix,42,0.756,0.745,1,-3.263,0,0.0341,0.0631,0,0.221,0.726,109.063,207926
BTS,"Butter (Hotter, Sweeter, Cooler)",04/06/21,Butter,86,0.759,0.459,8,-5.187,1,0.0948,0.00323,0,0.0906,0.695,109.997,164442
BTS,"Butter (Hotter, Sweeter, Cooler)",04/06/21,Butter - Hotter Remix,61,0.702,0.748,8,-5.215,1,0.0489,0.00223,0,0.23,0.789,110.028,166962
BTS,"Butter (Hotter, Sweeter, Cooler)",04/06/21,Butter - Sweeter Remix,59,0.728,0.551,5,-5.375,0,0.0577,0.0674,0,0.335,0.792,110.059,161935
BTS,"Butter (Hotter, Sweeter, Cooler)",04/06/21,Butter - Cooler Remix,60,0.651,0.809,8,-3.667,1,0.132,0.00632,0,0.321,0.893,110.045,161633
BTS,"Butter (Hotter, Sweeter, Cooler)",04/06/21,Butter - Instrumental,51,0.429,0.387,1,-7.486,1,0.0753,0.000178,0.802,0.142,0.41,109.893,162147